Sampler ID,Process,Date Measured,Survey Tow ID,Crab #,Time (out of formalin),Abdomen Width,Abdomen Height,Combined Wet Weight,Wet Weight (egg and pleopods),Wet Weight Setaes Only,Wet Weight Abdomen (flap),Rinse Start Time,Rinse End Time,Total Weight (dry uncleaned eggs),Date of Egg Cleaning, Dry Weight (Egg Dust Only),Date Weighed (Egg Dust Only),Dry Weight (Pleopods Only),Date Weighed (Dry Pleopods Only),Dry Weight (Pleopods Plus Dust),Date Weighed (Pleopod plus Dust) ,Dry Weight 1 (clean dry eggs/Out of Oven),Number in Subsample 1,Weight of Subsample 1,Dry Weight 2 (clean dry eggs/Out of Oven),Number in Subsample 2,Weight of Subsample 2,Date Eggs Were Counted,Start Time (counting),End Time (Counting),Development Stage,WEIGHT TO ADD?,Comments 1 (rincage),Comments 2 (nettoyage), Comments 3 (development),LEGENDE
Renee & Emily,*,26/11/2019,304,94 C4,10:55,43.91,31.17,14.7689,10.6977,0.8090,3.1876,11:22,12:30,3.4379,7/1/2020,*,*,*,*,0.1376,10/1/2020,3.2520,597,0.0389,*,*,*,14-01-2020,10:06,10:21,4,,morceaux de setae/pleopod plus gros a la base,very dirty,,WBC = Weighed before counting instead of after
Renee & Emily,*,26/11/2019,215 a2,187,10:55,40.89,28.09,9.3651,5.8960,0.6705,2.7512,11:22,12:30,1.8880,7/1/2020,*,*,*,*,0.0788,10/1/2020,1.7876,532,0.0332,*,*,*,14-01-2020,9:49,10h04,4,,,,,LC = Less Clean
Renee & Murray,*,26/11/2019,333 f,91,10:55,48.16,30.83,17.0296,11.7510,0.8147,4.2942,11:22,12:30,3.6612,7/1/2020,*,*,*,*,0.1044,13/1/2020,3.5101,581,0.0346,*,*,*,13-01-2020,7h54,8h30,4,,,,,S = Irregular spotting in eggs/Dev not clear
Renee & Murray,*,26/11/2019,345f,26,10:55,46.40,31.60,17.1224,12.6215,1.1964,3.1684,11:22,12:30,3.6773,6/1/2020,*,*,*,*,0.1572,*,3.4672,604,0.0331,*,*,*,10/1/2020,14h11,14h55,8,,lots of loose eggs,.0163g of dry gonad removed from dry sample,,B = Big Patches of Stain
Renee & Emily,*,26/11/2019,229f,82,10:55,31.91,28.23,8.1631,5.2317,0.5239,2.3668,11:22,12:30,1.7411,3/1/2020,*,*,*,*,0.0725,10/1/2020,1.6400,512,0.0298,*,*,*,10/1/2020,10h49,11h04,4,,,,,NF = Not Fertilized
Renee,*,26/11/2019,274f,150,10:55,*,*,*,*,*,*,11:22,12:30,1.3802,*,*,*,*,*,0.0688,*,1.2940,779,0.0415,*,*,*,*,13h50,14h32,4,,,,,F = Fertilized but development not clear
Emily,*,26/11/2019,246f,23,10:55,*,*,*,*,*,*,11:22,12:30,1.8424,*,*,*,*,*,0.0758,*,1.7553,612,0.0370,*,*,*,*,10h58,11h42,4,,,,,P= ?
Murray,*,6/12/2019,298,18 C2,*,*,*,*,*,*,*,*,*,2.4532,*,*,*,*,*,0.1148,*,2.3115,583,0.0318,*,*,*,*,10h35,11h16,NA,,,,Bouin's Dried,Min = ?
Murray,*,9/12/2019,311,35,*,*,*,*,*,*,*,*,*,2.0658,*,*,*,*,*,0.0728,*,1.9764,544,0.0337,*,*,*,*,8h21,9h54,9,,,,,
Emily,*,*,289,64,*,*,*,*,*,*,*,*,*,2.4661,*,*,*,*,*,0.0876,*,2.3463,586,0.0310,*,*,*,*,12h59,13h32,4,,,,,
Murray,*,*,289f,68,*,*,*,*,*,*,*,*,*,1.1213,*,*,*,*,*,0.0601,*,1.4380,513,0.0294,*,*,*,*,8h20,8h50,NA,,,,Bouin's Dried,
Emily,*,*,329f,24,*,*,*,*,*,*,*,*,*,2.7888,*,*,*,*,*,0.1245,*,2.6318,542,0.0300,*,*,*,*,14h51,15h12,9,,,,,
Murray,*,6/12/2019,286f,118,*,*,*,*,*,*,*,*,*,2.4006,*,*,*,*,*,0.1224,*,2.2634,566,0.0325,*,*,*,*,9h02,10h05,4,,,,,
Emily,*,*,210f,114,*,*,*,*,*,*,*,*,*,1.4223,*,*,*,*,*,0.0723,*,1.3404,734,0.0388,*,*,*,*,15h23,16h03,4,,,,,
Emily,*,*,305,51,*,*,*,*,*,*,*,*,*,2.6361,*,*,*,*,*,0.0907,*,2.5252,693,0.0431,*,*,*,*,16h07,16h30,8,,,salt grains,,
Murray,*,6/12/2019,292,76 C3,*,*,*,*,*,*,*,*,*,3.9879,*,*,*,*,*,0.1158,*,3.8401,533,0.0306,*,*,*,*,11h25,11h52,4,,,,,
Emily,*,*,311,32,*,*,*,*,*,*,*,*,*,4.0376,*,*,*,*,*,0.1398,*,3.8771,576,0.0318,*,*,*,*,8h15,8h40,7,,,,,
Emily,*,*,309f,64,*,*,*,*,*,*,*,*,*,1.3453,*,*,*,*,*,0.0561,*,1.2845,643,0.0358,*,*,*,*,8h35,8h59,F,,,,,
Emily,*,*,298,17,*,*,*,*,*,*,*,*,*,3.4332,*,*,*,*,*,0.1107,*,3.2979,512,0.0323,*,*,*,*,9h11,9h28,4,,,,,
Emily,*,*,283f,135,*,*,*,*,*,*,*,*,*,1.6775,*,*,*,*,*,0.0887,*,1.5705,561,0.0275,*,*,*,*,9h32,9h52,10,,,,,
Emily,*,*,291,89,*,*,*,*,*,*,*,*,*,2.5461,*,*,*,*,*,0.0945,*,2.4292,628,0.0362,*,*,*,*,10h10,10h29,4,,,dropped ,,
Emily,*,4/12/2019,307f,46,*,*,*,*,*,*,*,*,*,2.3969,*,*,*,*,*,0.1202,*,2.2613,601,0.0308,*,*,*,*,10h32,10h53,7,,,,,
Emily,*,4/12/2019,244f,27,*,*,*,*,*,*,*,*,*,0.5794,*,*,*,*,*,*,*,*,*,*,*,*,*,*,*,*,S,,,hard and compressed into 1 chunk/skipped,,
Emily,*,5/12/2019,275,95,*,*,*,*,*,*,*,*,*,2.4013,5/12/2019,*,*,*,*,0.0903,9/12/2019,2.2904,613,0.0349,*,*,*,13/12/19,10h35,11h14,4,,,oily,,
Emily,*,5/12/2019,296,134,*,*,*,*,*,*,*,*,*,2.2040,5/12/2019,*,*,*,*,0.0868,9/12/2019,2.0947,661,0.0348,*,*,*,13/12/19,10h14,10h34,4,,,,,
Emily,*,6/13/2019,299f,230,*,*,*,*,*,*,*,*,*,1.1560,6/12/2019,*,*,*,*,0.0444,9/12/2019,1.0969,500,0.0285,*,*,*,13/12/19,9h52,10h12,6,,,,,
Emily,*,6/12/2019,297f,68,*,*,*,*,*,*,*,*,*,1.8308,6/12/2019,*,*,*,*,0.1011,9/12/2019,1.7133,494,0.0286,*,*,*,13/12/19,11h35,11h49,*,,,,No vial,
Murray,*,9/12/2019,338f,31,*,*,*,*,*,*,*,*,*,2.5544,*,*,*,*,*,0.1138,10/12/2019,2.4075,573,0.0308,*,*,*,*,13h05,13h36,*,,,, ,
Emily,*,*,321f,49,*,*,*,*,*,*,*,*,*,1.3426,9/12/2019,*,*,*,*,0.0601,10/12/2019,1.2676,571,0.0288,*,*,*,13/12/19,12h58,1h23,4,,,,,
Murray,*,*,330f,52,*,*,*,*,*,*,*,*,*,1.9269,9/12/2019,*,*,*,*,0.0796,10/12/2019,1.8347,645,0.0376,*,*,*,17/12/19,13h13,14h01,4,,,,,
Emily,*,*,280,75,*,*,*,*,*,*,*,*,*,1.0946,9/12/2019,*,*,*,*,0.0462,10/12/2019,1.0275,634,0.0287,*,*,*,13/12/19,9h25,9h46,4,,,,,
Emily,*,*,333f,101,*,*,*,*,*,*,*,*,*,1.4270,10/12/2019,*,*,*,*,0.0602,11/12/2019,1.3557,611,0.0306,*,*,*,13/12/19,9h04,9h24,4,,,,,
Emily,*,*,317f,42,*,*,*,*,*,*,*,*,*,2.5969,10/12/2019,*,*,*,*,0.0665,11/12/2019,2.4357,567,0.0324,*,*,*,13/12/19,8h26,8h51,4,,,,,
Murray,*,*,305,58,*,*,*,*,*,*,*,*,*,1.3876,10/12/2019,*,*,*,*,0.0768,16/12/2019,1.2856,583,0.0311,*,*,*,16/12/19,11h02,11h42,8,,,dropped,,
Emily,*,*,292,77,*,*,*,*,*,*,*,*,*,2.1007,10/12/2019,*,*,*,*,0.0927,13/12/2019,1.9765,556,0.0337,*,*,*,13/12/19,11h17,11h34,4,,,,,
Murray,*,*,302f,152,*,*,*,*,*,*,*,*,*,1.1988,10/12/2019,*,*,*,*,0.0484,16/12/2019,1.0832,538,0.0293,*,*,*,17/12/2019,14h16,14h53,NF,,,oily & salt grains,,
Emily,*,*,283f,134,*,*,*,*,*,*,*,*,*,1.2437,11/12/2019,*,*,*,*,0.0598,13/12/2019,1.1586,594,0.0335,*,*,*,13/12/2019,13h27,13h51,4,,,,,
Emily,*,*,288f,130,*,*,*,*,*,*,*,*,*,3.3374,11/12/2019,*,*,*,*,0.0956,12/12/2019,3.1915,582,0.0348,*,*,*,17/12/2019,9h38,10h02,4,,,oily,,
Murray,*,*,321f,52,*,*,*,*,*,*,*,*,*,1.2865,12/12/2019,*,*,*,*,0.0518,16/12/2019,1.2270,554,0.0306,*,*,*,17/12/2019,14h58,15h34,7,,,,,
Murray,*,*,330f,64,*,*,*,*,*,*,*,*,*,1.8053,12/12/2019,*,*,*,*,0.0740,13/12/2019,1.6923,588,0.0339,*,*,*,18/12/2019,13h31,14h15,6,,,oily & salt grains,,
Murray,*,*,275f,89,*,*,*,*,*,*,*,*,*,1.9892,13/12/2019,*,*,*,*,0.0812,16/12/2019,1.1861,589,0.0365,*,*,*,*,10h20,10h58,5,,,,,
Emily,*,*,252f,226,*,*,*,*,*,*,*,*,*,2.4395,13/12/2019,*,*,*,*,0.0999,16/12/2019,2.3175,555,0.0321,*,*,*,17/12/2019,9h22,9h37,NF,,,,,
Emily,*,*,308f,127,*,*,*,*,*,*,*,*,*,1.9373,16/12/2019,*,*,*,*,0.0634,30/12/2019,1.8608,623,0.0352,*,*,*,2/1/2020,16h10,16h24,5,,,,,
Emily,*,*,268f,112,*,*,*,*,*,*,*,*,*,1.6569,17/12/2019,*,*,*,*,0.0571,30/12/2019,1.5836,534,0.0319,*,*,*,2/1/2020,15h53,16h07,4,,,,,
Emily,*,*,304,147,*,*,*,*,*,*,*,*,*,1.2418,23/12/2019,*,*,*,*,0.0562,30/12/2019,1.1785,536,0.0304,*,*,*,3/1/2020,8h26,8h41,8,,,,,
Emily,*,*,259f,49,*,*,*,*,*,*,*,*,*,2.8932,23/12/2019,*,*,*,*,0.1256,30/12/2019,2.7385,587,0.0352,*,*,*,3/1/2020,8h45,9h01,6,,,,,
Emily,*,*,318f,126,*,*,*,*,*,*,*,*,*,1.4719,24/12/2019,*,*,*,*,0.0391,2/1/2020,1.4266,605,0.0355,*,*,*,3/1/2020,9h13,9h26,8,,,,,
Emily,*,*,318f,125,*,*,*,*,*,*,*,*,*,4.0266,30/12/2019,*,*,*,*,0.1330,2/1/2020,3.8636,584,0.0345,*,*,*,*,9h27,9h46,4,,,,,
Emily,*,*,279f,90,*,*,*,*,*,*,*,*,*,1.6825,31/12/2019,*,*,*,*,0.0688,2/1/2020,1.5977,586,0.0333,*,*,*,*,9h56,10h12,4,,,,,
Emily,*,16/12/2019,328f,32,13h35,42.40,27.94,10.8504,7.2511,0.7015,2.7960,14h23,15h01,2.2721,13/1/2020,*,*,*,*,0.0907,17/1/2020,2.1709,508,0.0295,*,*,*,*,10h30,10h41,6,,,,,
Emily & Murray,WBC,16/12/2019,245f,26,13h35,41.44,29.10,14.8413,11.1448,0.6946,2.8415,14h34,15h36,2.9367,13/1/2020,*,*,*,*,0.1370,24/1/2020,2.7570,553,0.0337,*,*,*,*,15h00,15h18,9,,lots of loose eggs,.0045g of dry gonad removed & salt grains,,
Emily & Murray,WBC,16/12/2019,288f,131,13h35,37.24,24.22,6.8997,4.2867,0.4724,2.0561,14h41,15h41,1.4448,10/1/2020,*,*,*,*,0.0447,13/1/2020,1.3906,585,0.0330,*,*,*,13/1/2020,8h46,9h30,4,,,,only 3 eggs in sample,
Emily,*,16/12/2019,210f,113,13h35,46.26,29.21,12.2281,8.1835,0.7197,3.2444,14h48,15h44,2.6343,9/1/2020,*,*,*,*,0.1166,13/1/2020,2.5016,604,0.0344,*,*,*,14/1/2020,9h33,9h47,9,,,,,
Emily & Murray,WBC,16/12/2019,248f,196,13h35,42.10,28.49,10.7300,6.7558,0.5703,3.2052,14h56,15h47,2.1741,9/1/2020,*,*,*,*,0.0526,13/1/2020,2.0964,564,0.0346,*,*,*,13/1/2020,10h27,11h04,NA,,lots of loose eggs,salt grains,only 3 eggs in sample/stain not clear,
Emily 1,less clean,17/12/2019,299f,58,10h15,50.39,30.35,19.4876,13.6828,0.8986,4.6031,11h09,13h02,3.7334,16/1/2020,*,*,*,*,0.1067,*,3.6088,563,0.0334,*,*,*,*,8h18,8h36,4,,,salt grains,,
2,less clean,17/12/2019,299f,58,10h15,50.39,30.35,19.4876,13.6828,0.8986,4.6031,11h09,13h02,3.7334,16/1/2020,*,*,*,*,0.0025,*,3.5898,506,0.0297,*,*,*,*,9h00,9h13,*,,,,,
Emily 1,less clean,17/12/2019,248f,200,10h15,39.92,27.21,8.9196,5.6391,0.5948,2.5136,11h21,13h06,1.7347,15/1/2020,*,*,*,*,0.0590,*,1.6622,556,0.0315,*,*,*,*,8h40,9h02,4,,,oily,,
2,less clean,17/12/2019,248f,200,10h15,39.92,27.21,8.9196,5.6391,0.5948,2.5136,11h21,13h06,1.7347,15/1/2020,*,*,*,*,0.0009,*,1.6572,574,0.0320,*,*,*,*,9h16,9h35,*,,,,,
Emily 1,less clean,17/12/2019,337f,24,10h15,46.44,29.25,13.8567,9.1237,0.7994,3.8077,11h25,13h11,2.8936,15/1/2020,*,*,*,*,0.1101,*,2.7613,623,0.0317,*,*,*,*,9h07,9h28, NA,,,,Bouin's Dried,
2,less clean,17/12/2019,337f,24,10h15,46.44,29.25,13.8567,9.1237,0.7994,3.8077,11h25,13h11,2.8936,15/1/2020,*,*,*,*,0.0012,*,2.7596,622,0.0323,*,*,*,*,9h37,9h53,*,,,,,
Emily 1,less clean,17/12/2019,263f,112,10h15,45.49,29.07,15.0654,10.5300,0.8456,3.5423,10h59,12h55,2.8084,16/1/2020,*,*,*,*,0.1251,*,2.6357,580,0.0336,*,*,*,*,9h33,9h48,11,,lots of loose eggs,very dirty & membranes,,
2,less clean,17/12/2019,263f,112,10h15,45.49,29.07,15.0654,10.5300,0.8456,3.5423,10h59,12h55,2.8084,16/1/2020,*,*,*,*,0.0080,*,2.6125,592,0.0343,*,*,*,*,9h57,10h12,*,,,,,
Emily & Murray,*,17/12/2019,338f,30,11h31,36.80,25.06,6.6415,3.9503,0.4333,2.0529,11h53,14h08,1.1788,9/1/2020,*,*,*,*,0.0546,10/1/2020,1.1115,555,0.0293,*,*,*,14/1/2020,10h26,10h44,4,,pieces of setae,,,
Emily & Murray 1,less clean,18/12/2019,319f,C4-14,14h35,38.82,26.14,9.6983,6.6224,0.4397,2.2850,15h05,15h38,2.1733,15/1/2020,*,*,*,*,0.0695,*,2.0901,611,0.0317,*,*,*,*,9h51,10h07,NA,,,,Bouin's Dried,
2,less clean,18/12/2019,319f,C4-14,14h35,38.82,26.14,9.6983,6.6224,0.4397,2.2850,15h05,15h38,2.1733,15/1/2020,*,*,*,*,0.0017,*,2.0879,604,0.0315,*,*,*,*,8h43,8h57,*,,,,,
Emily & Murray,*,18/12/2019,190f,151,14h37,39.61,25.69,7.6799,5.2082,0.4239,1.8378,15h17,15h52,1.8121,14/1/2020,*,*,*,*,0.0653,17/1/2020,1.7306,552,0.0352,*,*,*,23/1/2020,10h15,10h28,NA,,,salt grains,Bouin's Dried,
Emily & Murray 1,less clean,20/12/2019,140f,265,8h25,42.64,20.51,12.8817,8.4130,0.8029,3.1701,9h05,10h20,2.7090,14/1/2020,*,*,*,*,0.1357,*,2.5507,582,0.0312,*,*,*,*,10h08,10h23,9,,,salt grains,,
2,less clean,20/12/2019,140f,265,8h25,42.64,20.51,12.8817,8.4130,0.8029,3.1701,9h05,10h20,2.7090,14/1/2020,*,*,*,*,0.0033,*,2.5421,550,0.0297,*,*,*,*,8h28,8h40,*,,,,,
Murray,WBC,20/12/2019,117A1,45,8h25,42.05,26.64,10.0615,6.6762,0.3986,2.3978,9h23,10h34,2.4872,23/1/2020,*,*,*,*,0.0831,*,2.3807,579,0.0337,*,*,*,24/01/2020,10h50,11h20,6,,,salt grains,,
Murray 1,less clean &WBC,20/12/2019,119f,94,13h25,39.58,27.02,7.8811,5.2120,0.4666,2.0095,14h03,15h10,1.6546,15/1/2020,*,*,*,*,0.0813,21/1/2020,1.5598,577,0.0320,*,*,*,*,13h42,14h10,NA,,,,no sample taken,
2,less clean &WBC,20/12/2019,119f,94,13h25,39.58,27.02,7.8811,5.2120,0.4666,2.0095,14h03,15h10,1.6546,15/1/2020,*,*,*,*,0.0007,23/1/2020,1.5386,535,0.0297,*,*,*,*,10h34,11h04,*,,,,,
Murray,less clean &WBC,20/12/2019,116f,207,13h27,43.70,29.04,10.6485,7.1060,0.6474,2.5978,14h14,15h12,2.3116,14/1/2020,*,*,*,*,0.0825,21/1/2020,2.2088,531,0.0299,*,*,*,*,14h23,14h46,NA,,,,no sample taken,
Murray,less clean &WBC,20/12/2019,93A2,68,13h33,37.78,25.19,8.5371,5.8334,0.3004,1.9280,14h51,15h22,1.7659,14/1/2020,*,*,*,*,0.0577,24/1/2020,1.6744,532,0.0290,*,*,*,*,14h28,14h50,9,,missing pleopod,dropped,,
Murray 1,less clean &WBC,20/12/2019,188F,70,13h38,39.36,26.83,6.9756,4.1128,0.3825,2.2092,14h59,15h31,1.2085,15/1/2020,*,*,*,*,0.0724,21/1/2020,1.1164,630,0.0353,*,*,*,*,10h55,11h31,11,,,salt grains,,
2,less clean &WBC,20/12/2019,188f,70,13h38,39.36,26.83,6.9756,4.1128,0.3825,2.2092,14h59,15h31,1.2085,15/1/2020,*,*,*,*,0.0009,23/1/2020,1.1152,508,0.0278,*,*,*,*,8h41,9h04,*,,,,,
Emily,*,*,337f,45,*,*,*,*,*,*,*,*,*,1.2720,13/12/2019,*,*,*,*,0.0610,2/1/2020,1.1635,577,0.0337,*,*,*,3/1/2020,10h15,10h30,4,,,very dirty & broken eggs,,
Emily,*,*,322f,33,*,*,*,*,*,*,*,*,*,2.3277,2/1/2020,*,*,*,*,0.0854,3/1/2020,2.2297,654,0.0362,*,*,*,3/1/2020,10h35,10h49,8,,,,,
Emily,*,*,291f,30,*,*,*,*,*,*,*,*,*,1.0155,3/1/2020,*,*,*,*,0.0424,10/1/2020,0.9607,502,0.0265,*,*,*,*,11h17,11h30,9,,,,,
Murray,less clean &WBC,20/12/2019,190f,144,8h25,42.24,26.83,13.6334,10.4313,0.6905,2.1288,9h39,10h42,3.4151,20/1/2020,*,*,*,*,0.0939,24/1/2020,3.3056,630,0.0417,*,*,*,*,13h08,13h39,4,,,,,
Murray 1 ,less clean &WBC,20/12/2019,188f,83,8h25,43.18,24.92,7.2509,4.7240,0.4629,1.7698,9h54,10h52,1.6375,15/1/2020,*,*,*,*,0.0691,21/1/2020,1.5378,507,0.0298,*,*,*,*,11h41,12h08,4,,,,,
2,less clean &WBC,20/12/2019,188f,83,8h25,43.18,24.92,7.2509,4.7240,0.4629,1.7698,9h54,10h52,1.6375,15/1/2020,*,*,*,*,0.0012,23/1/2020,1.5318,581,0.0334,*,*,*,*,9h15,9h47,*,,,.0078g of setae removed,,
Emily & Murray,WBC,20/12/2019,140f,260,10h06,41.87,27.38,9.3890,6.2559,0.5077,2.1189,10h31,12h57,1.9611,17/1/2020,*,*,*,*,0.0618,24/1/2020,1.8804,525,0.0324,*,*,*,*,13h51,14h15,4,,,,,
Murray,WBC,20/12/2019,104f,199,10h06,48.24,32.78,18.6513,12.6029,0.7276,4.2234,11h18,13h02,3.3430,17/1/2020,*,*,*,*,0.1512,24/1/2020,3.1578,602,0.0350,*,*,*,*,11h33,12h01,NA,,,,Bouin's Dried,
Murray 1,less clean &WBC,20/12/2019,116f,210,10h06,39.01,25.45,9.4608,6.1690,0.4133,2.2815,11h44,13h07,2.3627,16/1/2020,*,*,*,*,0.0642,21/1/2020,2.2798,541,0.0378,*,*,*,*,9h33,10h03,NA,,,,Bouin's Dried,
2,less clean &WBC,20/12/2019,116f,210,10h06,39.01,25.45,9.4608,6.1690,0.4133,2.2815,11h44,13h07,2.3627,16/1/2020,*,*,*,*,0.0010,23/1/2020,2.2763,615,0.0423,*,*,*,*,11h16,11h45,*,,,,,
Murray 1,less clean &WBC,20/12/2019,161f,63,10h06,41.89,27.16,10.1675,6.8258,0.5186,2.3728,11h58,13h11,2.1120,16/1/2020,*,*,*,*,0.1050,21/1/2020,1.9808,513,0.0307,*,*,*,*,13h14,13h34,9,,,,,
2,less clean &WBC,20/12/2019,161f,63,10h06,41.89,27.16,10.1675,6.8258,0.5186,2.3728,11h58,13h11,2.1120,16/1/2020,*,*,*,*,0.0020,23/1/2020,1.9739,526,0.0313,*,*,*,*,9h56,10h19,*,,,,,
Murray 1,less clean &WBC,*,146f,129,13h23,40.13,26.57,9.3245,6.1902,0.6128,2.1970,13h53,15h07,1.8941,15/1/2020,*,*,*,*,0.0728,21/1/2020,1.7977,552,0.0370,*,*,*,*,10h15,10h46,4,,,oily,,
2,less clean &WBC,*,146f,129,13h23,40.13,26.57,9.3245,6.1902,0.6128,2.1970,13h53,15h07,1.8941,15/1/2020,*,*,*,*,0.0018,23/1/2020,1.7879,515,0.0348,*,*,*,*,8h04,8h28,*,,,,,
Murray,WBC,*,252f,162,*,*,*,*,*,*,*,*,*,1.7944,6/1/2020,*,*,*,*,0.0787,7/1/2020,1.6926,558,0.0322,*,*,*,10/1/2020,13h14,13h58,4,,,,,
Emily,*,*,215A2,185,*,*,*,*,*,*,*,*,*,1.6883,6/1/2020,*,*,*,*,0.0614,10/1/2020,1.5842,554,0.0333,*,*,*,10/1/2020,11h33,11h48,4,,,,,
Murray,WBC,*,268f,113,*,*,*,*,*,*,*,*,*,1.3638,8/1/2020,*,*,*,*,0.0447,13/1/2020,1.2996,571,0.0312,*,*,*,13/1/2020,11h22,11h55,NF,,lots of loose eggs,,,
Emily ,*,17/1/2020,093A2,69,10h06,44.22,28.46,9.6373,6.0418,0.5959,2.6338,10h45,13h07,2.0184,27/1/2020,0.0217,*,0.0342,*,0.0559,*,1.9516,523,0.0321,*,*,*,3/2/2020,10h56,11h10,NA,,,,Bouin's Dried,
Emily ,*,17/1/2020,102f,94,10h06,41.13,26.89,8.6410,5.4014,0.6346,2.4029,10h56,13h10,1.6008,24/1/2020,0.0145,*,0.0304,*,0.0449,*,1.5511,498,0.0292,*,*,*,27/1/2020,13h05,13h23,NA,,,,Bouin's Dried,
Emily ,*,17/1/2020,070A1,124,10h06,36.77,23.54,8.3741,5.8429,0.4408,1.8040,11h03,13h12,1.9514,24/1/2020,0.0180,*,0.0230,*,0.0410,*,1.9066,549,0.0334,*,*,*,3/2/2020,14h45,15h04,NA,,,,Bouin's Dried,
Emily ,*,17/1/2020,095f,89,10h06,40.40,25.88,8.2346,5.2411,0.6331,1.9951,11h10,13h15,1.7457,24/1/2020,0.0168,*,0.0227,*,0.0395,*,1.7004,529,0.0310,*,*,*,3/2/2020,14h28,14h45,4,,,oily,,
Emily ,*,17/1/2020,095f,88,10h06,40.09,25.51,8.0001,5.1541,0.5935,1.8024,11h15,13h10,1.7529,27/1/2020,0.0159,*,0.0195,*,0.0354,*,1.7080,506,0.0307,*,*,*,29/1/2020,10h49,11h07,NA,,,oily,Bouin's Dried,
Emily & Murray ,WBC,17/1/2020,201A2,39,11h15,30.48,19.39,4.3187,2.7434,0.2760,1.0825,11h37,13h19,0.7486,28/1/2020,0.0072,*,0.0110,*,0.0182,*,0.7224,542,0.0320,*,*,*,31/1/2020,9h20,9h52,NA,,,,Bouin's Dried,
Emily & Murray ,WBC,17/1/2020,102F,93,11h15,48.92,29.30,18.4177,12.3932,1.0526,4.3543,11h43,13h19,3.8288,24/1/2020,0.0398,*,0.0613,*,0.1011,*,3.7086,566,0.0361,*,*,*,31/1/2020,11h10,11h37,NF,,,very dirty,,
Emily ,*,17/1/2020,218F,51,11h15,34.61,21.00,5.3780,3.4032,0.3214,1.2694,11h50,13h15,1.0961,24/1/2020,0.0091,*,0.0135,*,0.0226,*,1.0700,540,0.0266,*,*,*,3/2/2020,15h06,15h24,NF,,,,,
Emily ,*,17/1/2020,110F,52,13h25,36.89,24.68,9.5739,6.9810,0.3952,1.9170,13h56,15h02,2.2929,28/1/2020,0.0321,*,0.0206,*,0.0527,*,2.2285,518,0.0334,*,*,*,3/2/2020,11h12,11h24,4,,,,,
Emily & Murray ,WBC,17/1/2020,062F,55,13h25,40.64,24.84,10.9818,7.2509,0.7455,2.5643,14h02,15h04,2.0222,28/1/2020,0.0216,*,0.0304,*,0.0520,*,1.9488,518,0.0286,*,*,*,31/1/2020,10h09,10h40,4,,,,,
Emily ,,17/1/2020,173F,41,13h25,44.65,27.50,15.4916,11.0353,0.7100,2.9518,14h09,15h07,2.7448,28/1/2020,0.0435,*,0.0356,*,0.0791,*,2.6506,609,0.0382,*,*,*,29/1/2020,11h23,11h36,8,,,very dirty,,
Emily & Murray,WBC,17/1/2020,236f,26,13h25,55.69,35.04,25.0886,17.5959,1.5242,5.0970,14h19,15h07,5.0885,28/1/2020,0.0537,*,0.0838,*,0.1375,*,4.9132,589,0.0385,*,*,*,31/1/2020,8h42,9h05,S,,,salt grains,,
Emily,*,17/1/2020,204,41,13h25,38.70,25.07,8.6965,5.2845,0.5248,1.9025,14h29,15h17,1.4141,27/1/2020,0.0250,*,0.0205,*,0.0455,*,1.3580,566,0.0305,*,*,*,29/1/2020,11h09,11h21,11,,lots of loose eggs,,,
Emily,*,17/1/2020,144f,121,14h25,41.07,26.77,8.8299,5.4343,0.6506,2.4986,14h49,15h35,1.8417,27/1/2020,0.0160,*,0.0223,*,0.0383,*,1.7893,517,0.0283,*,*,*,3/2/2020,11h25,11h41,NA,,,,Bouin's Dried,
Emily,*,17/1/2020,217f,37,14h25,37.73,20.59,5.8558,3.6734,0.4768,1.4632,14h55,15h39,1.1302,29/1/2020,0.0107,*,0.0166,*,0.0273,*,1.0904,512,0.0294,*,*,*,3/2/2020,14h03,14h25,NA,,,oily,Bouin's Dried,
Emily & Murray,WBC,17/1/2020,132f,192,14h25,42.54,23.86,11.7262,7.5983,0.6981,2.5968,15h05,15h43,2.0535,29/1/2020,0.0272,*,0.0227,*,0.0499,*,1.9856,567,0.0329,*,*,*,31/1/2020,14h12,14h37,NA,,,,Bouin's Dried,
Murray,WBC,20/1/2020,151f,123,9h57,42.62,29.09,11.5554,7.4522,0.7686,2.9810,10h43,12h51,2.2406,29/1/2020,0.0235,*,0.0314,*,0.0549,*,2.1719,571,0.0376,*,*,*,31/1/2020,13h36,14h03,5,,,,,
Murray,WBC,20/1/2020,108f,21,9h57,44.07,28.58,17.6382,13.5520,0.7117,3.3613,10h58,12h58,3.2790,29/1/2020,0.0694,*,0.0296,*,0.0990,*,3.1575,585,0.0362,*,*,*,31/1/2020,13h05,13h28,NA,,,very dirty & salt grains,Bouin's Dried,
Emily & Murray,*,20/1/2020,183f,91,9h57,38.65,25.23,11.2297,8.3664,0.5400,1.8053,11h18,12h59,2.2632,28/1/2020,0.0447,*,0.0230,*,0.0677,*,2.1847,527,0.0349,*,*,*,29/1/2020,8h23,8h46,11,,lots of loose eggs,,,
Emily & Murray,*,20/1/2020,111f,295,9h57,40.53,26.02,9.1922,6.1285,0.6875,1.9724,11h33,13h00,1.6587,28/1/2020,0.0407,*,0.0232,*,0.0639,*,1.5865,605,0.0345,*,*,*,3/2/2020,13h48,14h01,NA,,,salt grains,Bouin's Dried,
Murray,WBC,20/1/2020,100f,76,9h57,42.89,27.83,9.5276,6.5871,0.6925,1.9149,11h46,13h03,2.1318,28/1/2020,0.0199,*,0.0236,*,0.0435,*,2.0698,575,0.0332,*,*,*,31/1/2020,7h58,8h23,4,,,,,
Emily & Murray,WBC,20/1/2020,132f,194,13h09,41.54,22.46,10.3402,6.9368,0.8921,2.2420,13h35,15h02,1.8356,3/2/2020,0.0142,*,0.0244,*,0.0386,*,1.7642,611,0.0329,*,*,*,10/2/2020,8h01,8h29,5,,,,,
Emily & Murray,WBC,20/1/2020,204f,43,13h09,32.60,21.29,5.3269,3.3065,0.3982,1.4455,13h42,15h03,1.0196,3/2/2020,0.0079,*,0.0105,*,0.0184,*,0.9886,548,0.0302,*,*,*,10/2/2020,10h23,10h52,4,,,,,
Emily,*,20/1/2020,101,571,13h09,44.99,27.49,12.2913,8.1480,0.9933,2.8363,13h49,15h06,2.1764,29/1/2020,0.0317,*,0.0245,*,0.0562,*,2.1085,616,0.0345,*,*,*,3/2/2020,13h08,13h24,9,,lots of loose eggs,salt grains,,
Emily & Murray,WBC,20/1/2020,144f,119,13h09,44.85,22.85,7.4646,4.7016,0.5100,1.7735,13h53,15h06,1.4341,30/1/2020,0.0119,*,0.0158,*,0.0277,*,1.3957,531,0.0321,*,*,*,10/2/2020,9h50,10h18,4,,,oily,,
Emily,*,20/1/2020,70A1,139,13h09,35.86,23.37,5.8416,3.6762,0.4112,1.3713,14h00,15h09,1.1953,29/1/2020,0.0100,*,0.0123,*,0.0223,*,1.1680,523,0.0300,*,*,*,*,13h25,13h41,NF,,,,,
Emily & Murray,WBC,20/1/2020,131f,112,14h18,39.20,25.09,8.7517,5.6620,0.5720,2.1834,14h44,15h29,1.9096,29/1/2020,0.0254,*,0.0234,*,0.0488,*,1.8435,543,0.0342,*,*,*,31/1/2020,14h49,15h14,6,,,,,
Emily & Murray,WBC,20/1/2020,135f,86,14h18,33.57,21.21,5.0218,3.1934,0.3066,1.2755,14h51,15h29,1.0677,29/1/2020,0.0089,*,0.0102,*,0.0191,*,1.0403,564,0.0333,*,*,*,3/2/2020,8h12,8h39,NA,,,,only 3 eggs in sample & dev not clear,
Emily & Murray,WBC,20/1/2020,63f,39,14h18,34.09,21.57,6.5443,4.3210,0.3250,1.4177,14h58,15h40,1.0907,3/2/2020,0.0193,*,0.0161,*,0.0354,*,1.0439,561,0.0303,*,*,*,10/2/2020,13h01,13h30,NA,,,,Bouin's Dried,
Emily & Murray,WBC,20/1/2020,63f,55,14h18,41.26,27.37,10.6324,7.2266,0.6762,2.2565,15h04,15h40,2.1162,3/2/2020,0.0171,*,0.0180,*,0.0351,*,2.0676,597,0.0343,*,*,*,10/2/2020,11h03,11h37,NA,,,,Bouin's Dried,
Emily & Murray,WBC,30/1/2020,82f,149,8h02,41.55,23.88,8.0721,5.0223,0.4842,2.1018,8h34,9h56,1.3798,4/2/2020,0.0195,*,0.0204,*,0.0399,*,1.3228,598,0.0339,*,*,*,10/2/2020,13h44,14h10,8,,,very dirty & membranes,,
Emily & Murray,WBC,30/1/2020,118f,130,8h02,41.97,27.58,11.5303,7.6400,0.7290,2.7213,8h40,9h59,2.3172,4/2/2020,0.0191,*,0.0232,*,0.0423,*,2.2598,533,0.0305,*,*,*,10/2/2020,14h18,14h47,NA,,,,Bouin's Dried,
Emily & Murray,WBC,30/1/2020,87f,66,8h02,43.49,26.20,10.6264,7.1706,0.6907,2.3177,8h46,10h01,2.3078,4/2/2020,0.0168,*,0.0208,*,0.0376,*,2.2399,491,0.0285,*,*,*,17/2/2020,10h02,10h23,6,,,,,
Emily,*,30/1/2020,126f,229,8h02,39.46,23.37,9.5841,6.4800,0.7230,2.0336,8h52,10h02,1.9733,4/2/2020,0.0190,*,0.0237,*,0.0427,*,1.9199,520,0.0305,*,*,*,11/2/2020,9h35,9h55,NF,,,oily,,
Emily,*,30/1/2020,118f,131,8h02,40.07,24.94,9.8360,6.2277,0.6470,2.0324,8h58,10h05,1.7336,4/2/2020,0.0286,*,0.0332,*,0.0618,*,1.6690,578,0.0325,*,*,*,11/2/2020,9h57,10h09,11,,,salt grains,,
Emily & Murray,WBC,30/1/2020,137f,161,8h59,34.58,22.03,5.8989,3.7660,0.3762,1.5584,9h22,11h28,1.1206,4/2/2020,0.0103,*,0.0163,*,0.0266,*,1.0838,580,0.0349,*,*,*,10/2/2020,15h00,15h36,4,,,,,
Emily,*,30/1/2020,177f,414,8h59,38.52,25.46,9.1520,5.9532,0.6400,2.1612,9h32,11h31,1.4149,4/2/2020,0.0169,*,0.0223,*,0.0392,*,1.3703,605,0.0297,*,*,*,11/2/2020,10h10,10h24,11,,,,,
Emily & Murray,WBC,30/1/2020,236f,43,8h59,36.76,21.40,5.3191,3.2216,0.4420,1.3395,9h38,11h32,1.1118,5/2/2020,0.0102,*,0.0121,*,0.0223,*,1.0803,616,0.0353,*,*,*,17/2/2020,7h49,8h32,S,,,,,
Emily,*,30/1/2020,157f,39,8h59,38.26,22.63,7.9635,4.9325,0.5607,1.9101,9h47,11h33,1.5084,5/2/2020,0.0123,*,0.0187,*,0.0310,*,1.4700,535,0.0284,*,*,*,11/2/2020,8h34,8h56,4,,,oily,,
Emily,*,30/1/2020,209f,67,8h59,39.74,23.43,6.9135,4.2540,0.5380,1.7021,9h52,11h37,1.3338,5/2/2020,0.0114,*,0.0186,*,0.0300,*,1.3005,598,0.0325,*,*,*,11/2/2020,10h44,10h58,4,,,,,
Emily & Murray,WBC,30/1/2020,209f,63,10h10,42.84,27.87,10.8467,7.6608,0.7755,2.1658,10h57,13h09,2.7175,5/2/2020,0.0209,*,0.0273,*,0.0482,*,2.6494,556,0.0345,*,*,*,17/2/2020,10h34,10h55,6,,missing pleopod,,,
Emily,*,30/1/2020,114f,281,10h10,40.85,27.61,11.3756,7.5519,0.7929,2.5819,11h07,13h10,1.8707,5/2/2020,0.0343,*,0.0250,*,0.0593,*,1.8077,593,0.0334,*,*,*,11/2/2020,10h25,10h40,9,,,salt grains,,
Emily & Murray,WBC,30/1/2020,165f,3,10h10,42.11,25.72,11.5591,7.3578,0.9346,2.5363,11h12,13h11,2.0810,5/2/2020,0.0233,*,0.0280,*,0.0513,*,2.0103,528,0.0349,*,*,*,17/2/2020,11h05,11h28,NA,,,,Bouin's Dried,
Emily,*,30/1/2020,145A2,51,10h10,42.24,27.32,12.8966,8.2378,0.6938,3.1338,11h25,13h12,2.4602,4/2/2020,0.0384,*,0.0305,*,0.0689,*,2.3795,577,0.0342,*,*,*,11/2/2020,9h18,9h33,4,,missing setae & loose eggs,,,
Emily & Murray,WBC,30/1/2020,155f,45,10h10,44.68,27.06,12.9869,8.4385,1.0124,2.7800,11h30,13h17,2.4658,10/2/2020,0.0204,*,0.0302,*,0.0506,*,2.3883,545,0.0337,*,*,*,17/2/2020,11h40,11h58,4,,,,,
Emily & Murray,WBC,30/1/2020,100f,77,13h21,47.03,27.67,10.4241,6.2699,0.7677,3.0185,13h43,15h03,2.0933,11/2/2020,0.0248,*,0.0366,*,0.0614,*,1.9991,564,0.0324,*,*,*,17/2/2020,13h19,13h41,NF,,,salt grains & parasites,,
Emily,*,30/1/2020,180f,53,13h21,40.84,28.53,17.4843,12.9067,0.8645,2.9743,13h53,15h06,3.4254,10/2/2020,0.0362,*,0.0349,*,0.0711,*,3.3314,500,0.0308,*,*,*,17/2/2020,13h30,13h47,4,,,,,
Emily,*,30/1/2020,169f,65,13h21,44.17,27.91,11.2797,6.6864,0.9407,2.0975,13h59,15h08,1.9507,11/2/2020,0.0229,*,0.0260,*,0.0489,*,1.8884,546,0.0340,*,*,*,17/2/2020,11h36,11h53,4,,,,,
Emily & Murray,*,30/1/2020,114f,266,13h21,38.62,25.10,7.7505,4.9843,0.6291,1.7596,14h08,15h09,1.6036,11/2/2020,0.0147,*,0.0212,*,0.0359,*,1.5522,515,0.0293,*,*,*,17/2/2020,13h53,14h20,4,,,,,
Emily & Murray,*,30/1/2020,180f,54,13h21,40.56,27.03,10.3795,6.5086,0.7910,2.6665,14h13,15h11,1.8780,5/2/2020,0.0187,*,0.0229,*,0.0416,*,1.8234,583,0.0364,*,*,*,17/2/2020,14h31,14h55,6,,,,,
Emily,*,30/1/2020,86f,38,14h14,41.91,25.32,12.0603,8.3530,0.9306,2.4668,14h36,15h13,2.5608,5/2/2020,0.0337,*,0.0302,*,0.0639,*,2.4913,573,0.0317,*,*,*,11/2/2020,9h00,9h16,8,,,,,
Emily,*,30/1/2020,171f,34,14h14,39.01,22.60,10.5298,7.6179,0.5844,2.0440,14h45,15h48,2.3656,7/2/2020,0.0270,*,0.0247,*,0.0517,*,2.2978,535,0.0361,*,*,*,17/2/2020,14h10,14h26,4,,,,,
Emily,*,30/1/2020,193f,55,14h14,35.57,20.16,3.6419,1.8601,0.3706,1.1046,14h52,15h50,0.5994,7/2/2020,0.0068,*,0.0104,*,0.0172,*,0.5780,522,0.0272,*,*,*,17/2/2020,13h48,14h08,4,,,,,
Emily,*,30/1/2020,60f,32,14h14,46.00,32.17,14.9676,9.8725,1.1610,3.3414,14h58,15h54,3.0040,10/2/2020,0.0388,*,0.0375,*,0.0763,*,2.9145,546,0.0313,*,*,*,13/2/2020,14h27,14h47,4,,,,,
Emily,*,30/1/2020,152f,55,14h14,41.07,26.55,11.9681,7.9572,0.7847,2.7918,15h02,15h55,2.3193,7/2/2020,0.0226,*,0.0280,*,0.0506,*,2.2500,530,0.0329,*,*,*,13/2/2020,13h43,14h04,4,,,oily,,
Emily & Murray,*,6/2/2020,135f,87,8h10,38.41,24.39,9.8434,6.9835,0.4764,1.9222,8h40,10h45,2.5301,12/2/2020,0.0343,*,0.0227,*,0.0507,*,2.4611,579,0.0362,*,*,*,17/2/2020,15h31,15h51,4,,,parasites,,
Emily,*,6/2/2020,218f,33,8h10,47.55,31.58,19.9397,14.2990,0.9742,3.6062,8h52,10h46,3.4701,12/2/2020,0.0905,*,0.0518,*,0.1423,*,3.3006,563,0.0360,*,*,*,13/2/2020,13h18,13h31,9,,lots of loose eggs,very dirty & membranes & parasites,,
Emily & Murray,*,6/2/2020,168f,95,8h10,41.96,27.49,13.3792,8.7755,0.9322,2.7273,9h00,10h48,2.5660,12/2/2020,0.0222,*,0.0286,*,0.0508,*,2.4809,538,0.0313,*,*,*,17/2/2020,15h03,15h23,5,,,oily & parasites,,
Emily,*,6/2/2020,153f,26,8h10,42.64,27.25,15.8469,10.7717,0.8751,2.9622,9h10,10h51,2.5294,11/2/2020,0.0201,*,0.0228,*,0.0429,*,2.4431,524,0.0328,*,*,*,13/2/2020,14h51,15h03,9,,,lost some residue/pleopod ,,
Emily,*,6/2/2020,152f,54,8h10,42.08,26.46,10.2108,6.6148,0.8005,2.2128,9h16,10h53,2.1011,12/2/2020,0.0247,*,0.0244,*,0.0491,*,2.0427,550,0.0350,*,*,*,17/2/2020,13h09,13h26,6,,,,,
Emily & Murray,*,6/2/2020,20f,15,9h16,44.24,26.91,12.9200,7.7831,0.9975,3.7992,9h43,10h57,2.4554,11/2/2020,0.0314,*,0.0408,*,0.0722,*,2.3547,547,0.0312,*,*,*,18/2/2020,7h43,8h05,8 F,,,parasites,fertilized but develop not clear,
Emily,*,6/2/2020,138f,37,9h16,37.82,24.00,11.2952,7.9175,0.5876,2.2911,9h50,10h58,1.9284,7/2/2020,0.0382,*,0.0234,*,0.0616,*,1.8450,518,0.0268,*,*,*,13/2/2020,14h06,14h24,8,,,parasites,,
Emily,*,6/2/2020,29f,64,9h16,35.34,23.33,6.0934,3.5476,0.3948,1.4323,9h56,11h01,1.1936,17/2/2020,0.0124,*,0.0153,*,0.0277,*,1.1594,551,0.0311,*,*,*,18/2/2020,10h55,11h09,4,,,,,
Emily & Murray,*,6/2/2020,177f,116,9h16,48.01,31.42,17.0495,10.4460,0.8809,4.7827,10h07,11h03,2.3756,13/2/2020,0.0395,*,0.0360,*,0.0755,*,2.2517,627,0.0352,*,*,*,18/2/2020,8h14,8h33,10,,lots of loose eggs,very dirty & membranes & parasites,,
Emily,*,6/2/2020,65f,5,9h16,41.92,26.56,9.5319,5.6193,0.8894,2.2628,10h12,11h03,1.4827,13/2/2020,0.0199,*,0.0296,*,0.0495,*,1.4200,593,0.0331,*,*,*,18/2/2020,10h27,10h38,9,,,,,
Emily,*,6/2/2020,183f,92,11h08,44.53,27.66,9.6291,5.9504,0.8007,2.4950,11h30,15h09,1.5947,13/2/2020,0.0159,*,0.0194,*,0.0353,*,1.5507,501,0.0285,*,*,*,18/2/2020,10h39,10h52,4,,,,,
Emily & Murray,*,6/2/2020,221A3,187,11h08,45.80,29.83,12.1232,7.7398,1.0166,3.0175,11h37,15h10,2.4180,13/2/2020,0.0382,*,0.0369,*,0.0751,*,2.3178,513,0.0314,*,*,*,18/2/2020,8h46,9h02,9,,,very dirty & salt grains,,
Emily,*,6/2/2020,126f,228,11h08,41.06,25.38,9.3716,6.0169,0.7617,2.0633,11h46,15h12,1.5866,13/2/2020,0.0297,*,0.0274,*,0.0571,*,1.5193,647,0.0379,*,*,*,18/2/2020,11h28,11h41,8,,lots of loose eggs,parasites,,
Emily,*,6/2/2020,71,93,11h08,38.92,25.15,9.3892,5.6143,0.6040,1.9423,11h54,15h16,1.7220,17/2/2020,0.0195,*,0.0199,*,0.0394,*,1.6672,551,0.0338,*,*,*,18/2/2020,11h11,11h27,4,,missing setae,parasites,,
Emily & Murray,*,6/2/2020,178f,102,11h08,35.10,22.51,8.1062,5.9466,0.3540,1.3716,12h00,15h20,1.7238,19/2/2020,*,*,*,*,0.0316,1/4/2020,1.5831,488,0.0307,*,*,*,1/4/2020,*,*,4,,missing setae,dropped,,
Emily & Murray,*,6/2/2020,87,67,13h13,42.29,26.25,5.3561,1.9589,0.6017,2.3456,14h09,15h22,0.6458,18/2/2020,0.0094,*,0.0282,*,0.0376,*,0.6078,498,0.0300,*,*,*,3/3/2020,*,*,NF,,lots of loose eggs & 1/3 eggs missing,parasites,,
Emily & Murray,*,6/2/2020,56f,17,13h13,49.93,32.65,22.4593,16.1036,1.2575,4.1152,14h22,15h26,4.8370,18/2/2020,0.0566,*,0.0562,*,0.1128,*,4.7214,588,0.0313,*,*,*,3/3/2020,*,*,7,,,parasites,,
Murray,*,6/2/2020,73f,6,13h13,54.69,34.29,24.1595,16.7953,1.8344,4.5551,14h34,15h28,5.1557,18/2/2020,0.0488,*,0.0877,*,0.1365,*,5.0082,491,0.0277,*,*,*,25/2/2020,11h15,11h31,6,,,,,
Murray,*,6/2/2020,64,37,13h13,45.07,28.75,13.7648,9.3053,0.6889,2.7376,14h47,15h30,2.7806,18/2/2020,0.0332,*,0.0361,*,0.0693,*,2.7111,578,0.0304,*,*,*,25/2/2020,11h41,11h58,NF,,missing setae ,parasites,,
Emily & Murray,*,6/2/2020,17f,38,13h13,45.51,29.95,16.6708,10.7438,0.9536,3.5688,15h03,15h40,3.3920,17/2/2020,0.0408,*,0.0398,*,0.0806,*,3.2988,493,0.0298,*,*,*,3/3/2020,*,*,5,,,parasites,,
Emily & Murray,*,14/2/2020,58f,59,7h48,48.47,30.12,21.6841,16.4534,1.3413,3.2290,8h40,10h17,4.4490,20/2/2020,0.0495,*,0.0563,*,0.1058,*,4.3234,527,0.0300,*,*,*,25/2/2020,10h08,10h25,6,,lots of loose eggs,very dirty,,
Emily,*,14/2/2020,75f,81,7h48,44.11,29.53,10.5023,6.2975,1.0153,2.7171,8h50,10h18,1.9892,19/2/2020,0.0363,*,0.0331,*,0.0694,*,1.9103,579,0.0319,*,*,*,3/3/2020,*,*,8,,lots of loose eggs,,,
Emily & Murray,*,14/2/2020,172f,123,7h48,41.94,26.77,9.4827,6.2030,0.6822,2.1458,8h59,10h20,1.7716,19/2/2020,0.0344,*,0.0280,*,0.0624,*,1.7004,587,0.0329,*,*,*,25/2/2020,9h13,9h32,9,,,salt grains,,
Emily & Murray,*,14/2/2020,101f,572,7h48,42.74,29.93,11.2367,7.3825,0.9476,2.3757,9h08,10h21,2.1757,19/2/2020,0.0215,*,0.0285,*,0.0500,*,2.1042,547,0.0301,*,*,*,25/2/2020,8h30,8h55,4,,,salt grains,,
Emily & Murray,*,14/2/2020,33f,155,7h48,36.32,24.77,6.6738,3.8990,0.4713,1.7500,9h12,10h23,1.2892,19/2/2020,0.0129,*,0.0199,*,0.0328,*,1.2435,576,0.0292,*,*,*,25/2/2020,9h42,9h59,5,,,,,
Emily & Murray,*,14/2/2020,178f,104,9h15,40.23,25.68,9.0603,5.9451,0.6970,2.0965,9h45,11h21,1.8616,19/2/2020,0.0148,*,0.0208,*,0.0356,*,1.8145,553,0.0335,*,*,*,25/2/2020,10h35,10h57,5,,,,,
Emily & Murray,*,14/2/2020,38A1,230,9h15,46.75,27.14,12.5892,7.8277,1.0745,2.9567,9h51,11h22,2.1987,19/2/2020,0.0273,*,0.0287,*,0.0560,*,2.1311,503,0.0274,*,*,*,25/2/2020,13h16,13h31,6,,,,,
Emily & Murray,*,14/2/2020,55f,5,9h15,41.06,26.78,10.9478,6.9175,0.7428,2.6742,9h58,11h23,1.7785,21/2/2020,0.0297,*,0.0255,*,0.0552,*,1.7171,483,0.0312,*,*,*,25/2/2020,13h39,13h57,F,,,parasites,fertilized but develop not clear,
Emily,*,14/2/2020,168f,79,9h15,35.64,22.20,9.8568,7.1753,0.4492,1.6460,10h08,11h26,1.8267,20/2/2020,0.0338,*,0.0165,*,0.0503,*,1.7705,477,0.0297,*,*,*,28/2/2020,*,*,9,,lots of loose eggs,parasites,,
Emily,*,14/2/2020,12f,51,9h15,49.08,30.40,18.0269,11.0223,1.5220,3.4707,10h16,11h26,3.0273,20/2/2020,0.0443,*,0.0548,*,0.0991,*,2.9198,508,0.0308,*,*,*,28/2/2020,*,*,9,,lots of loose eggs,,,
Emily & Murray,*,14/2/2020,164f,277,10h25,42.50,27.76,12.0428,7.4932,0.9651,3.1252,10h50,13h27,1.0022,20/2/2020,0.0279,*,0.0264,*,0.0543,*,1.9335,554,0.0307,*,*,*,25/2/2020,14h07,14h26,6,,,oily & membranes,,
Emily,*,14/2/2020,82f,151,10h25,37.88,24.25,7.8500,5.2279,0.5343,1.5538,10h58,13h32,1.4987,20/2/2020,0.0251,*,0.0190,*,0.0441,*,1.4519,512,0.0305,*,*,*,3/3/2020,*,*,8,,missing 1 setae,,,
Emily,*,14/2/2020,11f,19,10h25,39.34,27.28,8.5679,5.4897,0.5608,2.1397,11h04,13h46,1.6384,20/2/2020,0.0176,*,0.0212,*,0.0388,*,1.5975,503,0.0394,*,*,*,3/3/2020,*,*,6,,,parasites,,
Emily,Min,14/2/2020,13f,34,10h25,44.23,28.64,10.8653,6.6411,0.8958,2.3935,11h12,13h50,2.1343,20/2/2020,0.0252,*,0.0272,*,0.0524,*,2.0783,495,0.0312,*,*,*,*,*,*,7,,,,,
Emily,Min,14/2/2020,5f,429,10h25,51.29,31.58,19.3116,11.5721,1.7649,3.8860,11h19,13h56,3.4393,24/2/2020,0.0891,25/2/2020,0.0167,27/2/2020,0.1058,*,3.3425,673,0.0375,3.2979,561,0.0314,*,*,*,9,,,,,
Emily & Murray,*,14/2/2020,15f,26,13h25,44.05,28.16,12.4508,7.9253,0.8552,3.0960,13h55,15h27,2.4826,21/2/2020,0.0405,*,0.0229,*,0.0634,*,2.4033,562,0.0351,*,*,*,*,*,*,6,,,oily,,
Emily,Min,14/2/2020,17f,37,13h25,43.00,26.52,10.2718,5.9447,0.7625,2.8274,14h02,15h27,1.5967,24/2/2020,0.0335,25/2/2020,0.0033,28/2/2020,0.0368,*,1.5628,492,0.0293,1.5472,505,0.0296,*,*,*,6,,,,,
Emily & Murray,Min,14/2/2020,172f,124,13h25,40.63,25.82,8.9902,5.4615,0.6727,2.1008,14h11,15h29,1.6577,24/2/2020,0.0371,25/2/2020,0.0045,4/3/2020,0.0416,*,1.6176,567,0.0335,1.6019,528,0.0311,*,*,*,4,,,,,
Emily,*,14/2/2020,191A1,145,13h25,42.44,27.65,16.1700,11.6833,0.8415,2.6827,14h19,15h29,2.9888,21/2/2020,0.0448,*,0.0294,*,0.0742,*,2.8981,569,0.0321,*,*,*,*,*,*,9,,lots of loose eggs,,,
Emily & Murray,Min,14/2/2020,37f,69,13h25,47.32,29.36,16.0865,8.7575,1.1200,3.2470,14h26,15h32,2.8897,24/2/2020,0.0640,25/2/2020,0.0074,4/3/2020,0.0714,*,2.8225,538,0.0314,2.7858,538,0.0310,*,*,*,5,,,,,
Emily & Murray,Min,14/2/2020,3f,7,14h25,54.97,34.60,21.2987,14.7345,1.7401,4.3158,14h57,15h38,4.1444,24/2/2020,0.0778,26/2/2020,0.0252,4/3/2020,0.1030,*,4.0506,546,0.0321,4.0092,527,0.0304,*,*,*,7,,,,,
Emily & Murray,Min,14/2/2020,10f,43,14h25,43.27,27.44,14.0539,10.0897,0.8704,2.5199,15h03,15h40,2.8455,24/2/2020,0.0659,26/2/2020,0.0070,4/3/2020,0.0729,*,2.7715,498,0.0329,2.7595,506,0.0327,*,*,*,8,,,,,
Emily & Murray,Min,14/2/2020,15f,18,14h25,50.51,35.33,25.5992,17.9743,1.4630,4.9478,15h10,15h42,5.8437,24/2/2020,0.1266,26/2/2020,0.0215,4/3/2020,0.1481,*,5.7071,460,0.0314,5.6458,481,0.0311,*,*,*,5,,lots of loose eggs,oily & very dirty,,
Emily,Min,14/2/2020,13f,16,14h25,49.06,32.36,23.1004,16.1456,1.3164,4.0071,15h17,16h02,4.5103,24/2/2020,0.0902,25/2/2020,0.0274,27/2/2020,0.1176,*,4.4145,465,0.0288,4.3533,543,0.0321,*,*,*,8,,lots of loose eggs,parasites,,
Emily & Murray,Min,14/2/2020,14A1,15,14h25,40.78,26.70,12.1625,6.9776,0.6424,2.8843,15h24,16h05,1.8359,24/2/2020,0.0379,26/2/2020,0.0091,4/3/2020,0.0470,*,1.7897,643,0.0324,1.7695,645,0.0309,*,*,*,9,,lots of loose eggs & 1/2 of 1 pleopod missing,parasites,,
Emily,Min,21/2/2020,7f,18,8h49,47.73,29.43,18.0016,12.7832,0.9829,3.3935,9h22,10h53,3.4443,24/2/2020,0.0721,25/2/2020,0.0182,27/2/2020,0.0903,*,3.3693,469,0.0300,3.3164,489,0.0306,*,*,*,9,,lots of loose eggs,parasites,,
Emily & Murray,Min,21/2/2020,2f,79,8h49,45.14,26.64,13.0987,9.5621,0.8377,1.1882,9h28,10h53,2.9652,24/2/2020,0.0445,26/2/2020,0.0055,4/3/2020,0.0500,*,2.9144,506,0.0301,2.8841,523,0.0303,*,*,*,4,,,dropped,,
Emily,Min,21/2/2020,221A3,178,8h49,47.90,28.08,12.8927,8.0968,1.2454,2.8079,9h34,10h58,2.4237,24/2/2020,0.0510,25/2/2020,0.0034,28/2/2020,0.0544,*,2.3717,511,0.0317,2.3492,531,0.0324,*,*,*,4,,,oily,,
Emily & Murray,Min,21/2/2020,37f,54,8h49,43.23,27.39,12.9080,7.9312,0.9262,2.7959,9h42,10h59,2.2254,24/2/2020,0.0543,26/2/2020,0.0053,4/3/2020,0.0596,*,2.1626,520,0.0310,2.1483,529,0.0308,*,*,*,8,,lots of loose eggs,,,
Emily & Murray,Min,21/2/2020,8f,41,8h49,46.58,30.02,14.8309,9.2776,1.2143,3.2065,9h51,11h02,2.8293,24/2/2020,0.0732,26/2/2020,0.0091,4/3/2020,0.0823,*,2.7451,485,0.0325,2.7191,501,0.0327,*,*,*,5,,,,,
Emily,Min,21/2/2020,10f,77,9h51,40.26,27.01,9.4648,5.8601,0.8702,2.4002,10h15,12h56,1.6895,24/2/2020,0.0465,25/2/2020,0.0034,28/2/2020,0.0499,*,1.6400,500,0.0294,1.6241,492,0.0295,*,*,*,6,,,,,
Emily,Min,21/2/2020,89f,30,9h51,37.60,24.10,8.9485,6.0560,0.7660,1.7807,10h21,13h00,1.6205,24/2/2020,0.0353,25/2/2020,0.0039,27/2/2020,0.0392,*,1.5808,592,0.0332,1.5658,535,0.0304,*,*,*,7,,,,,
Emily & Murray,Min,21/2/2020,6f,17,9h51,45.75,30.49,15.2656,9.5540,0.8161,3.6353,10h32,13h02,3.0482,5/3/2020,*,*,*,*,0.0636,9/3/2020,2.9754,467,0.0300,*,*,*,*,*,*,NF,,lots of loose eggs,parasites,,
Emily,Min,21/2/2020,1f,77,9h51,48.19,29.02,15.5220,9.0720,1.2748,3.6220,10h41,13h05,2.5042,5/3/2020,*,*,*,*,0.0512,9/3/2020,2.4529,518 (P),0.0304,*,*,*,9/3/2020,*,*,4,,,,,
Emily,Min,21/2/2020,75f,79,9h51,51.16,32.09,23.1632,14.1167,1.3219,3.7356,10h52,13h07,4.5507,2/3/2020,*,*,*,*,0.0989,9/3/2020,4.4466,523 (P),0.0300,*,*,*,10/3/2020,*,*,5,,,parasites,,
Emily,*,21/2/2020,89f,29,11h03,50.40,32.49,16.5201,10.7650,1.4559,3.6204,11h27,13h09,3.0931,24/2/2020,0.0753,25/2/2020,0.0129,28/2/2020,*,*,3.0136,508,0.0297,2.9746,506,0.0294,*,*,*,8,,,,,
Emily,Min,21/2/2020,11f,20,11h03,54.64,33.53,25.2277,17.6677,1.5464,5.0818,11h35,13h10,5.2555,31/3/2021,*,*,*,*,0.1243,4/4/2021,5.0970,505,0.0314,*,*,*,4/4/2021,*,*,4,,lots of loose,,,
Emily,Min,21/2/2020,4f,33,11h03,49.17,31.57,19.0366,12.2557,1.6479,4.4335,11h41,13h11,3.4374,24/2/2020,0.0801,25/2/2020,0.0116,28/2/2020,*,*,3.3538,495,0.0310,3.3139,511,0.0317,*,*,*,4,,,,,
Emily & Murray,Min,21/2/2020,21,10,11h12,47.29,31.14,19.5080,12.9589,1.2754,3.9565,11h48,13h13,3.9867,24/2/2020,0.0785,26/2/2020,0.0148,4/3/2020,*,*,3.8951,523,0.0315,3.8698,544,0.0320,*,*,*,4,,,parasites,,
Emily,Min,21/2/2020,12f,55,11h12,45.93,30.31,14.9778,9.7946,1.1413,3.1888,11h54,13h14,2.8213,24/2/2020,0.0605,25/2/2020,0.0068,27/2/2020,*,*,2.7575,466,0.0300,2.7228,473,0.0291,*,*,*,4,,lots of loose eggs,oily,,
Emily & Murray,Min,28/2/2020,344f,21,13h12,39.42,26.01,12.8080,9.7640,0.7517,1.9316,13h37,15h12,2.8442,5/2/2020,*,*,*,*,0.0496,10/3/2020,2.7877,485,0.0308,*,*,*,10/3/2020,*,*,S,,,,,
Emily & Murray,Min,28/2/2020,278f,27,13h12,41.33,29.06,18.4768,12.5621,1.0083,3.6850,13h45,15h15,3.2770,5/2/2020,*,*,*,*,0.0688,10/3/2020,3.1956,538 (P),0.0307,*,*,*,10/3/2020,*,*,8,,,parasites,,
Emily & Murray,Min,28/2/2020,242f,46,13h12,33.29,21.10,4.7406,3.0647,0.3822,0.9715,13h52,15h16,0.7908,5/2/2020,*,*,*,*,0.0154,6/3/2020,0.7720,569,0.0304,*,*,*,6/3/2020,*,*,6,,mushy abdomen,,,
Emily & Murray,Min,28/2/2020,213f,132,13h12,39.35,26.24,10.5405,7.0670,0.6555,2.3836,13h59,15h24,2.1323,5/2/2020,*,*,*,*,0.0534,9/3/2020,2.0634,480,0.0303,*,*,*,9/3/2020,*,*,3 F,,,parasites,fertilized but develop not clear,
Emily & Murray,Min,28/2/2020,253f,170,13h12,33.30,19.39,4.7625,3.2367,0.3055,0.8869,14h05,15h29,0.9923,5/2/2020,*,*,*,*,0.0167,9/3/2020,0.9706,581,0.0305,*,*,*,9/3/2020,*,*,9 F,,mushy abdomen,,fertilized but develop not clear,
Emily & Murray,Min,28/2/2020,239A1,93,14h04,44.04,25.88,10.3810,7.3376,0.7289,1.9270,14h27,15h34,2.1072,5/2/2020,*,*,*,*,0.0374,9/3/2020,2.0591,592,0.0303,*,*,*,9/3/2020,*,*,4,,,,,
Emily & Murray,Min,28/2/2020,211F,83,14h04,31.57,19.18,5.5380,3.6937,0.2888,1.2730,14h35,14h35,1.1955,5/2/2020,*,*,*,*,0.0168,9/3/2020,1.1732,442,0.0307,*,*,*,9/3/2020,*,*,3,,,parasites,,
Emily & Murray,Min,28/2/2020,290f,58,14h04,35.88,23.89,8.1635,5.1696,0.5528,2.0588,14h44,15h42,1.3412,5/2/2020,*,*,*,*,0.0292,10/3/2020,1.3036,554,0.0300,*,*,*,10/3/2020,*,*,8,,,parasites,,
Emily & Murray,Min,28/2/2020,182f,105,14h04,32.81,22.15,4.9433,2.5871,0.3449,1.1650,14h50,15h45,0.8857,5/2/2020,*,*,*,*,0.0147,10/3/2020,0.8680,524,0.0303,*,*,*,10/3/2020,*,*,7,,,,,
Emily & Murray,Min,28/2/2020,281f,60,14h04,38.10,25.49,9.6368,5.6890,0.6617,2.3937,14h57,15h49,1.4637,5/2/2020,*,*,*,*,0.0273,10/3/2020,1.4266,555,0.0303,*,*,*,10/3/2020,*,*,8,,,,,
Emily & Murray,Min,2/3/2020,324f,18,9h48,40.94,25.38,10.9620,8.0117,0.5715,2.0347,10h26,12h58,2.3912,5/2/2020,*,*,*,*,0.0396,9/3/2020,2.3417,479,0.0304,*,*,*,9/3/2020,*,*,8,,lots of loose eggs & missing setae,,,
Emily & Murray,Min,2/3/2020,223f,274,9h48,36.95,21.93,5.4570,3.4964,0.4453,1.2703,10h35,13h00,0.9987,5/2/2020,*,*,*,*,0.0209,9/3/2020,0.9738,581,0.0306,*,*,*,9/3/2020,*,*,S,,,dropped,,
Emily & Murray,Min,2/3/2020,294,42,9h48,43.93,31.26,14.7127,9.5550,0.7871,3.7266,10h41,13h18,2.3962,5/2/2020,*,*,*,*,0.0522,9/3/2020,3.3286,506,0.0302,*,*,*,9/3/2020,*,*,9,,lots of loose eggs,parasites,,
Emily & Murray,Min,2/3/2020,184A3,328,9h48,42.35,26.44,10.5763,6.9048,0.7289,2.1644,10h48,13h24,1.9904,5/2/2020,*,*,*,*,0.0397,9/3/2020,1.9408,536,0.0303,*,*,*,9/3/2020,*,*,8,,,,,
Emily,Min,2/3/2020,295f,61,9h48,45.61,29.08,25.1305,17.2684,0.8938,2.7959,11h10,13h32,2.4520,31/2/2021,*,*,*,*,0.1488,1/4/2021,2.2242,737,0.0304,*,*,*,1/4/2021,*,*,12,,lots of loose eggs,parasites,,
Emily,Min,2/3/2020,331f,52,11h08,54.09,34.66,20.6782,13.1356,1.7762,5.4080,11h29,14h00,3.0493,9/3/2020,*,*,*,*,0.0949,9/3/2020,2.9393,629,0.0300,*,*,*,9/3/2020,*,*,8,,,parasites,,
Emily,Min,2/3/2020,290f,59,11h08,36.43,25.06,7.6767,5.2200,0.4757,1.5844,11h34,14h01,1.5777,9/3/2020,*,*,*,*,0.0239,9/3/2020,1.5466,575 (P),0.0326,*,*,*,9/3/2020,*,*,S,,,,,
Emily,Min,2/3/2020,323f,20,11h15,39.62,24.12,7.6984,5.1154,0.5793,1.7655,11h41,14h20,1.3472,5/3/2020,*,*,*,*,0.0228,9/3/2020,1.3116,553,0.0300,*,*,*,9/3/2020,*,*,4,,,,,
Emily,Min,2/3/2020,123f,166,13h02,42.46,24.71,8.3730,5.4006,0.7354,1.8714,13h24,14h30,1.6154,5/3/2020,*,*,*,*,0.0337,9/3/2020,1.5731,579,0.0324,*,*,*,9/3/2020,*,*,5,,,,,
Emily & Murray,Min,2/3/2020,199f,90,13h02,48.17,33.11,21.2039,14.3580,1.1428,4.5364,13h31,14h56,3.5971,5/3/2020,*,*,*,*,0.0686,10/3/2020,3.5018,468 (P),0.0310,*,*,*,10/3/2020,*,*,8,,lots of loose eggs,parasites,,
Emily,Min,2/3/2020,335f,29,13h02,37.77,23.08,9.5801,6.4723,0.5055,1.7072,13h44,14h57,2.0328,5/3/2020,*,*,*,*,0.0342,9/3/2020,1.9847,509,0.0297,*,*,*,9/3/2020,*,*,S,,eggs look really pale,,,
Emily,*,2/3/2020,257f,49,13h02,52.05,33.78,21.4500,12.3187,1.3309,4.4280,13h52,15h02,3.2721,31/3/2021,*,*,*,*,0.1068,1/4/2021,3.1384,520,0.0289,*,*,*,1/4/2021,*,*,8,,,parasites,,
Emily & Murray,Min,2/3/2020,199f,139,13h02,42.11,25.57,9.4176,5.5126,0.6898,2.0286,13h57,15h14,1.7333,10/3/2020,*,*,*,*,0.0284,11/2/2020,1.6969,484,0.0309,*,*,*,11/2/2020,*,*,S,,,,,
Emily & Murray,Min,2/3/2020,281f,85,13h57,41.79,27.79,11.1111,7.2605,0.8316,2.5229,14h20,15h15,1.9129,10/3/2020,*,*,*,*,0.0500,11/3/2020,1.8535,504,0.0308,*,*,*,11/3/2020,*,*,8,,lots of loose eggs,,,
Emily & Murray,Min,2/3/2020,195f,86,13h57,53.20,34.17,14.3777,7.4547,1.4139,4.5358,14h29,15h16,2.0865,10/3/2020,*,*,*,*,0.0650,11/3/2020,2.0230,458,0.0312,*,*,*,11/3/2020,*,*,3S,0.0015,,parasites, Irregular spotting in eggs,
Emily & Murray,Min,2/3/2020,216f,59,13h57,37.09,24.17,10.7436,7.4897,0.5699,1.6813,14h35,15h19,2.3554,10/3/2020,*,*,*,*,0.0392,11/3/2020,2.3080,473,0.0307,*,*,*,11/3/2020,*,*,3S,,,, Irregular spotting in eggs,
Emily,Min,2/3/2020,219f,51,13h57,40.30,25.51,9.9964,6.6532,0.7198,2.0647,14h42,15h22,1.8531,9/3/2020,*,*,*,*,0.0332,10/3/2020,1.8150,470,0.0299,*,*,*,10/3/2020,*,*,3S,,,parasites, Irregular spotting in eggs,
Emily,Min,2/3/2020,186f,28,13h57,32.89,21.88,6.3529,3.7393,0.3322,1.4079,14h50,15h26,1.2149,9/3/2020,*,*,*,*,0.0200,10/3/2020,1.1868,522,0.0327,*,*,*,10/3/2020,*,*,3S,,,parasites, Irregular spotting in eggs,
Emily,Min,2/3/2020,213f,131,14h50,39.07,22.68,7.6496,5.0466,0.4952,1.9088,15h08,16h11,1.5138,9/3/2020,*,*,*,*,0.0255,10/3/2020,1.4815,489,0.0299,*,*,*,10/3/2020,*,*,4S,,,, Irregular spotting in eggs,
Emily,Min,2/3/2020,278f,29,14h50,35.71,21.79,5.2747,3.5434,0.4061,1.0477,15h13,16h15,1.0369,9/3/2020,*,*,*,*,0.0166,10/3/2020,1.0168,558,0.0305,*,*,*,10/3/2020,*,*,3S,,,parasites, Irregular spotting in eggs,
Emily & Murray,Min,6/3/2020,216f,58,8h20,37.91,24.35,8.0238,5.1819,0.6242,1.7861,8h55,13h00,1.3421,11/3/2020,*,*,*,*,0.0325,16/12/2020,1.3019,560,0.0309,*,*,*,17/12/2020,*,*,8,,,,,
Emily & Murray,Min,6/3/2020,342f,209,8h20,45.21,27.55,10.4034,6.7586,0.8022,2.4727,9h04,13h03,2.0393,11/3/2020,*,*,*,*,0.0437,15/12/2020,2.0069,470,0.0308,*,*,*,17/12/2020,*,*,4S,0.0113,missing 2 setaes,, Irregular spotting in eggs,
Emily & Murray,Min,6/3/2020,222f,126,8h20,41.01,25.84,11.7024,8.5591,0.6619,2.0860,9h11,13h06,2.6828,11/3/2020,*,*,*,*,0.0458,15/12/2020,2.6317,449,0.0304,*,*,*,17/12/2020,*,*,3S,,,, Irregular spotting in eggs,
Emily & Murray,Min,6/3/2020,196f,35,8h20,51.97,32.89,17.8240,10.3728,1.4755,4.5768,9h24,13h06,2.6751,11/3/2020,*,*,*,*,0.0702,15/12/2020,2.6243,443,0.0300,*,*,*,16/12/2020,*,*,8,0.0194,lots of loose eggs,parasites,,
Emily & Murray,Min,6/3/2020,196f,123,8h20,39.91,26.46,11.7333,7.5322,0.8540,2.1906,9h30,13h08,2.0514,11/3/2020,*,*,*,*,0.0370,16/12/2020,2.0126,532,0.0312,*,*,*,17/12/2020,*,*,8,,,,,
Emily & Murray,Min,6/3/2020,261f,76,9h31,32.37,20.61,5.3042,3.1525,0.3286,1.5890,10h13,13h10,0.9367,11/3/2020,*,*,*,*,0.0227,11/3/2020,0.9079,554,0.0306,*,*,*,15/12/2020,*,*,8,,,,,
Emily,Min,6/3/2020,223f,275,9h31,38.99,24.36,6.6056,4.0447,0.6678,1.6607,10h19,13h13,1.2268,11/3/2020,*,*,*,*,0.0350,12/3/2020,1.1867,611,0.0317,*,*,*,12/3/2020,*,*,8,,,,,
Emily,Min,6/3/2020,325f,281,9h31,47.08,28.75,11.5611,7.1080,1.0579,2.7218,10h25,13h15,2.1832,11/3/2020,*,*,*,*,0.0433,12/3/2020,2.1306,540,0.0301,*,*,*,12/3/2020,*,*,6,,,,,
Emily,Min,6/3/2020,219f,52,9h31,31.58,20.23,6.0814,4.0200,0.2496,1.5059,10h33,13h12,1.3553,11/3/2020,*,*,*,*,0.0185,11/3/2020,1.3479,431,0.0290,*,*,*,11/3/2020,*,*,3S,,,parasites, Irregular spotting in eggs,
Emily & Murray,Min,6/3/2020,224f,132,9h31,37.67,23.98,10.4808,7.7780,0.5701,1.5328,10h39,13h17,2.3348,11/3/2020,*,*,*,*,0.0356,15/12/2020,2.3259,505,0.0305,*,*,*,16/12/2020,*,*,3S,0.0267,,, Irregular spotting in eggs,
Emily & Murray,Min,6/3/2020,222f,144,10h56,36.90,23.21,7.2063,4.4977,0.6492,1.7282,11h23,13h19,1.1803,11/3/2020,*,*,*,*,0.0323,16/12/2020,1.1471,559,0.0304,*,*,*,17/12/2020,*,*,8,,,,,
Emily,Min,6/3/2020,170f,186,10h56,42.17,26.86,9.5533,5.7742,0.7971,2.3186,11h29,13h21,1.7482,11/3/2020,*,*,*,*,0.0353,11/3/2020,1.7083,550,0.0299,*,*,*,12/3/2020,*,*,4,,lots of loose eggs,oily,,
Emily,Min,6/3/2020,207f,31,13h20,46.63,27.92,15.2680,9.3034,0.9130,3.0213,14h27,15h36,2.5714,11/3/2020,*,*,*,*,0.0533,11/3/2020,2.5660,506,0.0303,*,*,*,11/3/2020,*,*,4S,,lots of loose eggs,, Irregular spotting in eggs,
Emily & Murray,Min,6/3/2020,346f,32,14h26,42.20,27.54,13.1882,9.3103,0.0954,2.3622,14h57,15h50,2.5012,11/3/2020,*,*,*,*,0.0529,12/3/2020,2.4401,546,0.0306,*,*,*,12/3/2020,*,*,7,,lots of loose eggs,parasites,,
Emily & Murray,Min,6/3/2020,320f,67,14h26,49.59,31.33,23.2862,16.6315,1.5042,3.7052,15h04,15h52,4.3875,11/3/2020,*,*,*,*,0.0985,15/12/2020,4.3259,532,0.0305,*,*,*,16/12/2020,*,*,3S,0.0369,lots of loose eggs,, Irregular spotting in eggs,
Emily & Murray,Min,6/3/2020,206f,340,14h26,47.46,29.73,12.9819,8.1325,0.9632,2.8395,15h10,15h54,2.2877,11/3/2020,*,*,*,*,0.0442,15/12/2020,2.2598,521,0.0303,*,*,*,16/12/2020,*,*,4,0.0163,,,,
Emily & Murray,Min,6/3/2020,250f,3,14h26,43.05,25.84,7.1898,3.8750,0.8146,1.9887,15h16,15h55,1.0138,11/3/2020,*,*,*,*,0.0422,12/3/2020,0.9630,570,0.0309,*,*,*,12/3/2020,*,*,4S,,,, Irregular spotting in eggs,
Emily & Murray,Min,6/3/2020,211f,92,14h26,32.06,19.05,4.8200,2.6647,0.3815,1.1014,15h23,15h57,0.8077,11/3/2020,*,*,*,*,0.0159,15/12/2020,0.7959,555,0.0310,*,*,*,16/12/2020,*,*,4S,0.0041,,, Irregular spotting in eggs,
Emily & Murray,Min,6/3/2020,163f,178,10h56,37.35,25.67,12.5013,8.3941,0.5610,2.0638,11h37,13h24,2.3872,11/3/2020,*,*,*,*,0.0435,15/12/2020,2.3671,475,0.0310,*,*,*,17/12/2020,*,*,9,0.0234,,parasites,,
Emily & Murray,Min,6/3/2020,331f,42,10h56,42.91,28.28,10.5193,6.2443,0.9792,2.1621,11h42,13h16,1.9020,11/3/2020,*,*,*,*,0.0478,15/12/2020,1.8588,549,0.0301,*,*,*,16/12/2020,*,*,9,0.0046,,,,
Emily & Murray,Min,6/3/2020,247f,87,10h56,33.60,20.01,5.3723,3.1591,0.3536,1.1790,11h48,13h25,0.9252,11/3/2020,*,*,*,*,0.0158,15/12/2020,0.9149,519,0.0307,*,*,*,16/12/2020,*,*,3S,0.0055,,, Irregular spotting in eggs,
Emily & Murray,Min,6/3/2020,261f,26,13h20,33.07,21.15,6.8434,4.6284,0.3860,1.4114,13h57,15h23,1.3385,11/3/2020,*,*,*,*,0.0244,15/12/2020,1.3161,474,0.0306,*,*,*,16/12/2020,*,*,3S,0.002,,, Irregular spotting in eggs,
Emily & Murray,Min,6/3/2020,273f,162,13h20,47.26,30.39,20.6637,15.1077,1.1031,2.9730,14h03,15h28,4.2350,11/3/2020,*,*,*,*,0.0649,15/12/2020,4.1978,480,0.0303,*,*,*,16/12/2020,*,*,8,0.0277,,,,
Emily & Murray,Min,6/3/2020,205f,77,13h20,39.43,25.57,13.4010,10.0802,0.6070,1.7730,14h12,15h30,2.6668,11/3/2020,*,*,*,*,0.0374,15/12/2020,2.6517,470,0.0316,*,*,*,16/12/2020,*,*,8,0.0223,lots of loose eggs,parasites,,
Emily & Murray,Min,6/3/2020,88f,116,13h20,39.55,25.28,7.4609,4.3422,0.6615,1.8300,14h18,15h35,1.4351,11/3/2020,*,*,*,*,0.0308,15/12/2020,1.4132,488,0.0297,*,*,*,17/12/2020,*,*,4,0.0089,,,,
Emily & Murray,Min,12/3/2020,212f,78,8h13,43.02,29.11,15.3963,10.6518,1.0601,3.0234,8h46,11h34,2.5213,18/12/2020,*,*,*,*,0.0649,23/12/2020,2.4029,506,0.0301,*,*,*,4/1/2021,*,*,8,,,,,
Emily & Murray,Min,12/3/2020,249f,11,8h13,43.72,26.82,14.3424,9.9421,0.6703,2.6832,8h56,11h35,2.8362,18/12/2020,*,*,*,*,0.0633,23/12/2020,2.7479,507,0.0302,*,*,*,4/1/2021,*,*,8,,,,,
Emily & Murray,Min,12/3/2020,335f,28,8h13,44.13,27.70,12.9941,9.0455,0.7606,2.3299,9h06,11h37,2.8540,18/12/2020,*,*,*,*,0.0584,23/12/2020,2.7652,514,0.0306,*,*,*,4/1/2021,*,*,3S,,,parasites, Irregular spotting in eggs,
Emily & Murray,Min,12/3/2020,224f,130,8h13,35.98,23.71,5.9512,3.8728,0.4207,1.2490,9h10,11h39,1.2919,18/12/2020,*,*,*,*,0.0224,23/12/2020,1.2559,503,0.0299,*,*,*,4/1/2021,*,*,4,,,,,
Emily & Murray,Min,12/3/2020,198A1,80,8h13,41.09,24.85,8.4622,5.4232,0.6743,1.7959,9h15,11h40,1.6896,18/12/2020,*,*,*,*,0.0284,23/12/2020,1.6444,477,0.0308,*,*,*,4/1/2021,*,*,4,,,,,
Emily & Murray,Min,12/3/2020,184A3,327,9h15,41.47,26.76,9.5939,6.6183,0.7361,1.9318,9h43,11h42,1.9932,18/12/2020,*,*,*,*,0.0413,23/12/2020,1.9343,541,0.0307,*,*,*,4/1/2021,*,*,4,,missing 1 setae,,,
Emily & Murray,Min,12/3/2020,158f,119,9h15,43.62,29.52,13.1341,8.5228,0.8171,3.2309,9h56,11h32,1.7864,18/12/2020,*,*,*,*,0.0479,22/12/2020,1.7212,546,0.0305,*,*,*,23/12/2020,*,*,9,,,,,
Emily & Murray,Min,12/3/2020,220f,206,9h15,44.22,28.23,10.8227,6.2352,1.0906,2.9011,10h02,11h31,2.3045,18/12/2020,*,*,*,*,0.0544,*,2.2169,540,0.0300,*,*,*,4/1/2021,*,*,8,,,parasites,,
Emily & Murray,Min,12/3/2020,84A2,86,9h15,38.56,25.84,7.1223,4.2078,0.5123,1.7824,10h09,11h26,1.4260,18/12/2020,*,*,*,*,0.0250,23/12/2020,1.3881,567,0.0314,*,*,*,4/1/2021,*,*,NA,,lots of loose eggs,,Bouin's Dried,
Emily & Murray,Min,12/3/2020,313f,20,9h15,44.54,28.77,16.0739,9.1955,1.1148,2.9388,10h18,11h27,2.4172,18/12/2020,*,*,*,*,0.0574,22/12/2020,2.3388,528,0.0303,*,*,*,23/12/2020,*,*,8,,lots of loose eggs & deformed abdomen,,,
Emily & Murray,Min,12/3/2020,147f,87,10h42,38.90,25.11,8.6275,5.5687,0.6950,1.9118,11h02,13h05,1.4644,18/12/2020,*,*,*,*,0.0336,23/12/2020,1.4103,563,0.0310,*,*,*,4/1/2021,*,*,9,,,,,
Emily & Murray,Min,12/3/2020,273f,174,10h42,43.65,29.84,12.6022,7.8335,1.0405,2.6283,11h08,13h06,2.1904,18/12/2020,*,*,*,*,0.0471,23/12/2020,2.1171,535,0.0303,*,*,*,5/1/2021,*,*,8,,,,,
Emily & Murray,Min,12/3/2020,206f,383,10h42,36.79,22.75,6.9749,4.5819,0.4765,1.5702,11h13,13h08,1.2319,18/12/2020,*,*,*,*,0.0228,23/12/2020,1.1951,576,0.0313,*,*,*,4/1/2021,*,*,8,,missing 1/2 of a setae,,,
Emily & Murray,Min,12/3/2020,154f,74,10h42,10.50,26.12,8.2168,4.6856,0.7153,2.0656,11h18,13h10,1.4227,18/12/2020,*,*,*,*,0.0361,23/12/2020,1.3710,503,0.0302,*,*,*,4/1/2021,*,*,NF,,,,,
Emily,Min,12/3/2020,324f,36,10h42,37.85,24.86,10.2568,7.1706,0.5100,1.8940,11h25,13h12,2.1368,18/12/2020,*,*,*,*,0.0366,12/3/2021,2.0850,537,0.0301,*,*,*,12/3/2021,*,*,3,,missing 1 setae,parasites,,
Emily,Min,13/3/2020,243f,14,7h53,42.17,28.82,15.3456,11.6487,0.7613,2.5284,8h43,13h27,3.1931,18/12/2020,*,*,*,*,0.0522,17/3/2021,3.1028,456,0.0298,*,*,*,17/3/2021,*,*,8,,,parasites,,
Emily & Murray,Min,13/3/2020,240A2,96,7h53,41.14,26.28,8.4093,5.9037,0.7041,1.4938,8h55,13h27,1.7436,18/12/2020,*,*,*,*,0.0386,23/12/2020,1.6838,525,0.0303,*,*,*,4/1/2021,*,*,S,,,,,
Emily,Min,13/3/2020,150A2,47,7h53,39.04,25.01,7.1750,4.6914,0.5336,1.6036,8h59,13h29,1.5896,18/12/2020,*,*,*,*,0.0249,17/3/2021,1.5506,483,0.0308,*,*,*,17/3/2021,*,*,NA,,,,Bouin's dried,
Emily,Min,13/3/2020,163f,168,7h53,42.19,27.29,8.7627,5.4872,0.7593,2.1382,9h04,13h29,1.9610,18/12/2020,*,*,*,*,0.0327,17/3/2021,1.9099,506,0.0307,*,*,*,17/3/2021,*,*,4B,,,,big patches of stain,
Emily,Min,13/3/2020,228f,131,7h53,37.08,20.87,5.8605,4.1945,0.3604,0.9033,9h10,13h30,1.2660,18/12/2020,*,*,*,*,0.0173,15/3/2021,1.2343,514,0.0307,*,*,*,15/3/2021,*,*,4S,,abdomen not cut properly will affect height,, Irregular spotting in eggs,
Emily,Min,13/3/2020,174f,40,9h12,42.91,28.47,11.0644,7.5784,0.7551,2.4148,9h36,13h24,2.1687,18/12/2020,*,*,*,*,0.0401,15/3/2021,2.1002,550,0.0298,*,*,*,15/3/2021,*,*,7,,,,,
Emily,Min,13/3/2020,226f,39,9h12,43.96,25.33,9.2167,6.2145,0.7781,1.7091,9h41,13h10,1.9182,18/12/2020,*,*,*,*,0.0466,12/3/2021,1.8527,534,0.0304,*,*,*,12/3/2021,*,*,4,,broken abdomen,,,
Emily,Min,13/3/2020,233f,192,9h12,41.30,27.19,9.8611,6.6038,0.7895,1.9996,9h46,13h15,1.9599,18/12/2020,*,*,*,*,0.0335,12/3/2021,1.8997,517,0.0303,*,*,*,12/3/2021,*,*,6,,,,,
Emily,Min,13/3/2020,133f,95,9h12,41.15,26.58,9.8076,6.7341,0.8407,1.7750,9h50,13h06,1.9138,18/12/2020,*,*,*,*,0.0331,12/3/2021,1.8557,569,0.0299,*,*,*,12/3/2021,*,*,6,,,,,
Emily,Min,13/3/2020,179f,226,9h12,43.53,28.44,11.9448,6.9141,0.9266,2.8662,9h57,13h22,2.1195,18/12/2020,*,*,*,*,0.0423,12/3/2021,2.0515,502,0.0302,*,*,*,12/3/2021,*,*,8,,,,,
Emily,*,13/3/2020,113f,119,10h10,44.48,28.86,12.2794,8.3119,1.0049,2.5278,10h28,13h26,2.3810,18/12/2020,*,*,*,*,0.0518,18/3/2021,2.3105,515,0.0302,*,*,*,18/3/2021,*,*,4,,,,,
Emily,Min,13/3/2020,22f,18,10h10,40.60,26.30,8.7308,5.6495,0.7176,2.0019,10h32,13h58,1.7148,18/12/2020,*,*,*,*,0.0266,17/3/2021,1.6673,527,0.0303,*,*,*,17/3/2021,*,*,4,,,,,
Emily,*,13/3/2020,315f,257,10h10,45.77,28.63,11.3910,6.7715,0.9669,2.7797,10h38,13h59,2.1402,18/12/2020,*,*,*,*,0.0449,18/3/2021,2.0796,452,0.0299,*,*,*,18/3/2021,*,*,S,,,,,
Emily,Min,13/3/2020,48f,309,10h10,39.11,23.55,5.0594,2.8230,0.4504,1.2544,10h43,14h01,0.9913,18/12/2020,*,*,*,*,0.0172,17/3/2021,0.9607,584,0.0302,*,*,*,17/3/2021,*,*,NF,,,,,
Emily,*,13/3/2020,208f,13,10h10,38.35,24.04,8.9594,5.8889,0.5851,1.6850,10h50,14h03,1.6148,18/12/2020,*,*,*,*,0.0424,18/3/2021,1.5573,509,0.0307,*,*,*,18/3/2021,*,*,8,,,,,
Emily,Min,13/3/2020,228f,129,10h50,34.78,22.21,6.6667,4.5894,0.4507,1.2346,11h13,13h39,1.2410,18/12/2020,*,*,*,*,0.0243,18/3/2021,1.2107,543,0.0304,*,*,*,18/3/2021,*,*,8,,lots of loose eggs,,,
Emily,*,13/3/2020,258f,116,10h50,37.70,24.03,7.2991,4.4550,0.5588,1.8815,11h19,13h34,1.1402,18/12/2020,*,*,*,*,0.0215,17/3/2021,1.1041,555,0.0302,*,*,*,17/3/2021,*,*,8,,,,,
Emily,Min,13/3/2020,220f,203,10h50,44.01,27.70,12.5679,8.2748,0.8966,2.8758,11h26,13h35,2.3173,18/12/2020,*,*,*,*,0.0436,15/3/2021,2.2445,512,0.0305,*,*,*,15/3/2021,*,*,7,,,,,
Emily,Min,13/3/2020,212f,106,10h50,39.31,24.64,10.1549,6.2497,0.6182,1.9855,11h34,13h41,1.9509,18/12/2020,*,*,*,*,0.0334,17/3/2021,1.8992,562,0.0304,*,*,*,17/3/2021,*,*,3,,,,,
Emily,Min,13/3/2020,233f,133,10h50,37.90,22.42,12.0247,7.8566,0.5197,1.2783,11h38,13h37,2.4574,18/12/2020,*,*,*,*,0.0388,15/3/2021,2.3861,461,0.0309,*,*,*,15/3/2021,*,*,8,,lots of loose eggs & piece of abdomen missing,,,
Emily,Min,13/3/2020,16f,56,13h34,39.13,25.18,7.3629,4.7205,0.6687,1.7309,13h57,15h43,1.3972,18/12/2020,*,*,*,*,0.0328,18/32021,1.3484,570,0.0306,*,*,*,18/3/2021,*,*,NA,,,,Bouin's dried,
Emily,Min,13/3/2020,313f,19,13h34,43.80,28.99,16.4495,11.2941,0.9314,3.1699,14h08,15h45,3.4698,18/12/2020,*,*,*,*,0.0698,22/12/2020,3.3622,484,0.0302,*,*,*,23/12/2020,*,*,3,,,,,
Emily,Min,13/3/2020,326f,267,13h34,43.26,26.52,10.4125,6.5882,0.8070,1.9486,14h14,15h47,2.0515,18/12/2020,*,*,*,*,0.0285,22/12/2020,1.9985,555,0.0306,*,*,*,4/1/2021,*,*,NA,,,,Bouin's dried,
Emily,Min,13/3/2020,90f,40,13h34,41.93,27.26,13.3580,8.5603,0.7537,2.5702,14h20,15h50,2.9440,18/12/2020,*,*,*,*,0.0573,22/3/2021,2.8525,461,0.0305,*,*,*,22/3/2021,*,*,NF,,,parasites,,
Emily,Min,13/3/2020,342f,218,13h34,44.50,27.11,17.0552,11.3277,0.9269,2.5855,14h27,15h53,3.6822,18/12/2020,*,*,*,*,0.0540,22/3/2021,3.5871,470,0.0302,*,*,*,22/3/2021,*,*,4,,,parasites,,
Emily,Min,13/3/2020,124f,92,14h27,36.84,24.76,7.0410,4.4342,0.5496,1.8291,14h46,15h38,1.2660,18/12/2020,*,*,*,*,0.0256,22/3/2021,1.2258,529,0.0303,*,*,*,22/3/2021,*,*,8,,,,,
Emily,Min,13/3/2020,176f,197,14h27,38.33,23.93,7.4568,4.7246,0.5429,1.8675,14h51,16h11,1.5855,17/12/2020,*,*,*,*,0.0181,22/3/2021,1.5536,479,0.0300,*,*,*,22/3/2021,*,*,6,,,,,
Emily,Min,13/3/2020,288f,128,14h27,39.30,24.59,8.9335,5.3495,0.6659,2.4073,14h58,16h01,1.5472,18/12/2020,*,*,*,*,0.0289,22/3/2021,1.4976,500,0.0308,*,*,*,22/3/2021,*,*,9,,,,,
Emily,Min,13/3/2020,346f,33,14h27,48.46,31.14,18.3528,10.8065,1.5007,3.8180,15h03,16h09,3.1637,18/12/2020,*,*,*,*,0.0959,22/3/2021,3.0222,506,0.0302,*,*,*,22/3/2021,*,*,8,,,,,
Emily,Min,13/3/2020,28f,34,14h27,44.66,27.32,11.7447,7.2266,0.9978,2.3476,15h08,16h13,2.1114,17/12/2020,*,*,*,*,0.0574,22/12/2020,2.0381,530,0.0307,*,*,*,4/1/2021,*,*,8,,,,,
Murray,Min,8/3/2021,106f,211,11h05,46.34,28.21,11.4512,7.3306,0.8632,2.7515,12h04,13h37,2.2028,15/3/2021,*,*,*,*,0.0416,17/3/2021,2.1406,508,0.0300,*,*,*,17/3/2021,*,*,4,,,,,
Murray,Min,8/3/2021,159f,369,11h05,41.47,26.88,8.9567,5.7452,0.7224,1.9259,12h14,13h42,1.4891,16/3/2021,*,*,*,*,0.0396,17/3/2021,1.4099,557,0.0299,*,*,*,17/3/2021,*,*,8,,missing 1 setae,,,
Murray,Min,8/3/2021,159f,368,11h05,36.92,25.06,8.0502,5.5656,0.4881,1.4004,12h25,13h48,1.4777,16/3/2021,*,*,*,*,0.0296,17/3/2021,1.4436,546,0.0305,*,*,*,17/3/2021,*,*,6,,,,,
Murray,Min,8/3/2021,127,213,11h05,35.21,23.94,6.2420,3.8278,0.4046,1.4363,12h34,13h54,1.0064,16/3/2021,*,*,*,*,0.0213,17/3/2021,0.9709,564,0.0304,*,*,*,17/3/2021,*,*,9,,,,,
Murray,Min,9/3/2021,198A1,81,8h25,43.48,27.77,12.4382,8.7063,0.7071,2.2636,9h30,14h05,2.5837,16/3/2021,*,*,*,*,0.0489,17/3/2021,2.5094,486,0.0307,*,*,*,17/3/2021,*,*,8 B,,,,big patches of stain,
Murray,Min,9/3/2021,158f,120,8h25,32.46,21.57,4.5113,2.7899,0.3072,1.1033,9h38,14h09,0.8998,22/3/2021,*,*,*,*,0.0124,25/3/2021,0.8792,546,0.0300,*,*,*,25/3/2021,*,*,7,,,oily,,
Murray,Min,9/3/2021,39f,144,8h25,47.90,33.84,16.9607,10.5653,0.8647,4.6352,9h56,14h15,1.2865,*,*,*,*,*,0.1071,26/3/2021,1.1121,924,0.0298,*,*,*,26/3/2021,*,*,13,,,,,
Murray,Min,9/3/2021,202A2,174,8h25,43.53,29.41,9.7584,6.1013,0.8424,1.9571,10h08,14h22,1.8808,*,*,*,*,*,0.0395,26/3/2021,1.8313,452,0.0300,*,*,*,26/3/2021,*,*,4,,,,,
Murray,Min,9/3/2021,147f,88,8h25,36.94,23.98,7.0225,4.6284,0.4642,1.3158,10h18,14h26,1.3414,*,*,*,*,*,0.0245,26/3/2021,1.3087,543,0.0303,*,*,*,26/3/2021,*,*,NF,,,,,
Murray,Min,9/3/2021,50f,365,10h45,37.09,23.69,5.7674,3.6071,0.4549,1.3765,11h17,14h55,1.0101,*,*,*,*,*,0.0239,26/3/2021,0.9810,602,0.0305,*,*,*,26/3/2021,*,*,3,,,parasites,,
Murray,Min,9/3/2021,179f,225,10h45,39.40,27.27,11.4641,8.2182,0.5295,2.1016,11h32,15h00,2.4823,*,*,*,*,*,0.0309,26/3/2021,2.4428,438,0.0279,*,*,*,26/3/2021,*,*,NF,,,,,
Murray,Min,10/3/2021,258f,107,8h20,35.55,22.27,5.9197,3.8652,0.3749,1.4106,9h31,12h50,1.0117,26/3/2021,*,*,*,*,0.0188,26/3/2021,0.9281,623,0.0339,*,*,*,26/3/2021,*,*,8,,,,,
Murray,Min,10/3/2021,76f,96,8h20,41.03,27.84,8.7082,5.5433,0.8006,1.9064,9h43,12h53,1.4073,26/3/2021,*,*,*,*,0.0433,26/3/2021,1.3506,601,0.0305,*,*,*,26/3/2021,*,*,9,,,,,
Murray,Min,10/3/2021,141f,96,8h20,43.76,29.16,13.5864,8.4683,0.8296,2.5928,9h54,12h56,2.5594,26/3/2021,*,*,*,*,0.0376,26/3/2021,2.5049,536,0.0295,*,*,*,26/3/2021,*,*,8,,,,,
Murray,Min,10/3/2021,149f,167,8h20,36.04,23.86,5.8137,3.7718,0.4267,1.2269,10h04,13h00,1.0857,26/3/2021,*,*,*,*,0.0169,26/3/2021,1.0501,540,0.0305,*,*,*,26/3/2021,*,*,NF,,,,,
Murray & Kat,Min,10/3/2021,162f,57,8h20,46.44,27.09,12.1088,8.2144,0.8724,2.2766,10h14,13h03,2.3609,26/3/2021,*,*,*,*,0.0624,26/3/2021,2.2655,494,0.0279,*,*,*,26/3/2021,*,*,6,,,,,
Murray & Kat,Min,10/3/2021,124f,93,10h45,45.36,29.36,12.2726,8.3116,1.0235,2.3233,11h25,13h06,2.4103,26/3/2021,*,*,*,*,0.0340,26/3/2021,2.3571,527,0.0324,*,*,*,26/3/2021,*,*,4,,,,,
Murray,Min,10/3/2021,19f,69,10h45,37.21,25.35,6.2443,3.8067,0.4621,1.4496,11h42,13h10,1.1401,26/3/2021,*,*,*,*,0.0246,26/3/2021,1.0745,533,0.0309,*,*,*,26/3/2021,*,*,NF,,eggs compressed together,oily & very hard to clean,,
Murray,Min,10/3/2021,23f,130,10h45,46.47,32.40,13.3772,8.8247,0.9892,2.8199,11h57,13h14,2.5655,26/3/2021,*,*,*,*,0.0586,26/3/2021,2.4895,457,0.0276,*,*,*,26/3/2021,*,*,6,,,,,
Murray & Kat,Min,10/3/2021,66f,152,13h20,43.41,29.71,11.8820,7.1971,0.8136,2.5892,14h15,15h10,2.3539,26/3/2021,*,*,*,*,0.0679,26/3/2021,2.2606,537,0.0301,*,*,*,26/3/2021,*,*,NF,,,parasites,,
Murray,Min,10/3/2021,45f,58,13h20,50.15,33.24,18.4575,12.0310,1.5501,4.1387,14h28,15h12,3.2201,26/3/2021,*,*,*,*,0.1046,26/3/2021,3.0745,504,0.0306,*,*,*,26/3/2021,*,*,8,,lots of loose eggs,parasites,,
Murray,Min,10/3/2021,79f,60,13h20,45.40,32.47,16.4972,11.1586,0.8519,3.7030,14h42,15h15,2.3722,26/3/2021,*,*,*,*,0.0878,26/3/2021,2.2435,486,0.0302,*,*,*,26/3/2021,*,*,9,,,parasites,,
Murray & Kat,Min,10/3/2021,32f,37,13h20,36.73,25.86,9.7700,6.9128,0.5950,1.7113,14h52,15h24,2.2466,26/3/2021,*,*,*,*,0.0428,26/3/2021,2.1858,532,0.0305,*,*,*,26/3/2021,*,*,3,,,,,
Murray & Kat,Min,11/3/2021,127f,214,8h36,36.26,24.34,5.6849,3.5541,0.3732,1.4586,9h23,12h44,1.1116,26/3/2021,*,*,*,*,0.0154,26/3/2021,1.0851,544,0.0311,*,*,*,26/3/2021,*,*,6,,,,,
Murray,Min,11/3/2021,51f,68,8h36,39.64,25.95,8.3130,5.4158,0.5971,1.8691,9h34,12h50,1.5159,26/3/2021,*,*,*,*,0.0316,26/3/2021,1.4722,537,0.0315,*,*,*,26/3/2021,*,*,6,,,,,
Murray & Kat,Min,11/3/2021,25f,42,8h36,40.38,26.98,8.2965,5.1839,0.7246,1.7360,9h45,12h54,1.6926,26/3/2021,*,*,*,*,0.0378,26/3/2021,1.6461,472,0.0304,*,*,*,26/3/2021,*,*,NF,,,parasites,,
Murray,Min,11/3/2021,105A2,166,8h36,40.30,25.63,10.0380,6.9694,0.5196,2.0321,9h57,12h57,1.8581,26/3/2021,*,*,*,*,0.0451,26/3/2021,1.7958,542,0.0301,*,*,*,26/3/2021,*,*,8,,,,,
Murray,Min,11/3/2021,67A1,240,8h36,48.18,31.55,14.8949,9.4238,1.1126,3.4547,10h10,13h01,2.7936,26/3/2021,*,*,*,*,0.0524,31/3/2021,2.7047,444,0.0280,*,*,*,31/3/2021,*,*,4,,,,,
Murray,Min,11/3/2021,149f,159,10h45,44.07,29.82,14.2053,9.2290,1.0042,2.9075,11h24,14h31,2.2717,26/3/2021,*,*,*,*,0.0654,30/3/2021,2.1854,560,0.0307,*,*,*,30/3/2021,*,*,8,,,,,
Murray,Min,11/3/2021,66f,163,10h45,41.21,27.58,10.8016,6.6001,0.9097,2.4820,11h35,14h32,1.6769,26/3/2021,*,*,*,*,0.0433,31/3/2021,1.6178,576,0.0324,*,*,*,31/3/2021,*,*,9,,,,,
Murray,Min,11/3/2021,18f,142,10h45,43.17,28.96,11.2133,6.2650,0.9006,2.3782,11h45,14h35,1.9321,29/3/2021,*,*,*,*,0.0413,30/3/2021,1.8646,610,0.0350,*,*,*,30/3/2021,*,*,4,,,,,
Murray,Min,11/3/2021,23f,156,10h45,39.43,26.85,9.4941,6.7369,0.7292,1.6501,11h52,14h39,2.1004,29/3/2021,*,*,*,*,0.0458,31/3/2021,2.0320,537,0.0310,*,*,*,31/3/2021,*,*,NF,,,,,
Murray,Min,11/3/2021,105A2,167,13h10,44.45,27.97,9.7285,6.1649,0.7868,2.3305,14h03,14h52,1.9774,29/3/2021,*,*,*,*,0.0336,31/3/2021,1.9241,480,0.0297,*,*,*,31/3/2021,*,*,NF B,,,,big patches of stain,
Murray,Min,11/3/2021,97f,172,13h10,42.92,28.24,10.4335,6.8335,0.7147,2.4351,14h07,14h55,2.0325,29/3/2021,*,*,*,*,0.0331,31/3/2021,1.9702,549,0.0328,*,*,*,31/3/2021,*,*,6,,eggs spilled but picked up,,,
Murray,Min,11/3/2021,195f,87,13h10,40.01,26.41,10.4922,7.5053,0.6677,1.6814,14h13,14h58,1.8451,29/3/2021,*,*,*,*,0.0314,31/3/2021,1.7927,513,0.0290,*,*,*,31/3/2021,*,*,NF,,,,,
Murray,Min,11/3/2021,257f,67,13h10,41.51,27.26,11.2102,7.8055,0.7109,1.9780,14h28,15h02,2.1877,15/3/2021,*,*,*,*,0.0420,17/3/2021,2.1148,483,0.0306,*,*,*,17/3/2021,*,*,NF,,,parasites,Irregular spotting in eggs,
Murray,Min,18/3/2021,68f,292,12h45,37.46,25.85,8.6458,5.4892,0.5810,1.6264,13h36,15h17,1.5332,29/3/2021,*,*,*,*,0.0377,31/3/2021,1.4716,488,0.0298,*,*,*,31/3/2021,*,*,NF,,,,,
Murray,Min,18/3/2021,45,57,12h45,44.33,31.33,11.7752,6.5373,0.8974,2.8823,13h46,15h22,2.0791,29/3/2021,*,*,*,*,0.0524,31/3/2021,1.9962,500,0.0295,*,*,*,31/3/2021,*,*,4,,,,,
Murray,Min,18/3/2021,31,1,12h45,40.87,26.24,10.5218,6.7729,0.6116,2.5479,14h00,15h25,1.9735,29/3/2021,*,*,*,*,0.0523,31/3/2021,1.9000,505,0.0309,*,*,*,31/3/2021,*,*,NF,,,parasites,,
Murray,Min,19/3/2021,214f,95,8h00,39.46,27.55,7.7725,4.9564,0.6132,1.9122,8h50,11h46,1.5529,29/3/2021,*,*,*,*,0.0374,31/3/2021,1.4979,546,0.0301,*,*,*,31/3/2021,*,*,4,,missing setae,,,
Murray,Min,19/3/2021,52,78,8h00,32.01,22.24,4.7356,2.9985,0.2820,1.1114,9h05,11h51,1.0007,29/3/2021,*,*,*,*,0.0177,31/3/2021,0.9697,542,0.0304,*,*,*,31/3/2021,*,*,NF,,,,,
Murray,Min,19/3/2021,53f,127,8h00,40.85,28.39,11.5690,8.4570,0.6034,1.8507,9h20,12h48,2.7013,29/3/2021,*,*,*,*,0.0610,31/3/2021,2.6185,451,0.0283,*,*,*,31/3/2021,*,*,NF,,,parasites,,
Murray,Min,19/3/2021,150A2,48,8h00,47.47,30.69,11.9137,7.1898,0.8939,2.8933,9h36,12h52,2.4182,29/3/2021,*,*,*,*,0.0660,1/4/2021,2.3222,466,0.0409,*,*,*,1/4/2021,*,*,NF,,missing setae & lots of loose eggs,,,
Murray,Min,19/3/2021,61f,149,8h00,40.83,29.00,8.5464,5.6247,0.5957,1.7073,9h47,12h56,1.9262,29/3/2021,*,*,*,*,0.0391,1/4/2021,1.8708,530,0.0302,*,*,*,1/4/2021,*,*,4,,,,,
Murray,Min,19/3/2021,53F,132,10h20,46.15,31.09,11.3315,7.0971,1.0080,2.7822,10h58,12h58,2.0405,29/3/2021,*,*,*,*,0.0495,1/4/2021,1.9630,472,0.0278,*,*,*,1/4/2021,*,*,4,,,parasites,,
Murray,Min,19/3/2021,32F,36,10h20,45.51,32.46,17.0605,11.8039,0.8552,2.6596,11h10,13h04,3.8850,29/3/2021,*,*,*,*,0.0646,1/4/2021,3.8050,462,0.0296,*,*,*,1/4/2021,*,*,NF,,,parasites,,
Murray,Min,19/3/2021,41f,25,10h20,47.39,31.55,19.1025,13.6751,0.9689,3.2258,11h22,13h06,3.7853,30/3/2021,*,*,*,*,0.1830,1/4/2021,3.5600,490,0.0289,*,*,*,1/4/2021,*,*,8,,,very dirty & only cleaned 3/4,,
Murray,Min,19/3/2021,176f,196,10h20,42.36,30.24,14.2742,10.1975,0.7839,2.5131,11h33,13h09,3.2931,30/3/2021,*,*,*,*,0.0565,1/4/2021,3.2232,421,0.0295,*,*,*,1/4/2021,*,*,3,,,,,
Murray,Min,19/3/2021,50f,343,11h34,42.17,27.98,9.1558,6.0080,0.7433,2.1175,12h09,13h12,1.9390,30/3/2021,*,*,*,*,0.0346,29/3/2021,1.8979,505,0.0297,*,*,*,29/3/2021,*,*,4,,,,,
Kat,Min,24/3/2012,76f,93,8h11,42.77,27.54,8.9675,5.8686,0.7581,1.9561,8h50,11h22,1.6999,30/3/2021,*,*,*,*,0.0274,31/3/2021,1.6630,597,0.0334,*,*,*,31/3/2021,*,*,4,,,,,
Kat,Min,24/3/2012,52f,77,8h11,45.09,31.72,17.3880,12.9444,0.8292,3.0611,9h04,11h26,3.2080,30/3/2021,*,*,*,*,0.1107,1/4/2021,3.0719,536,0.0312,*,*,*,1/4/2021,*,*,9,,,parasites,,
Kat,Min,24/3/2012,79f,128,8h11,36.79,25.45,5.9802,3.6800,0.4051,1.6056,9h13,11h31,1.0036,30/3/2021,*,*,*,*,0.0249,1/4/2021,0.9715,571,0.0306,*,*,*,1/4/2021,*,*,9,,missing setae,,,
Kat,Min,24/3/2012,24f,66,8h11,38.56,25.04,6.3511,3.7196,0.5810,1.6908,9h22,11h35,1.1474,30/3/2021,*,*,*,*,0.0215,1/4/2021,1.1194,617,0.0336,*,*,*,1/4/2021,*,*,4,,,,,
Kat,Min,24/3/2012,51f,46,8h11,43.42,30.74,13.8873,9.5975,0.9070,2.8006,9h29,11h40,2.9822,30/3/2021,*,*,*,*,0.0664,30/3/2021,2.9149,466,0.0285,*,*,*,30/3/2021,*,*,3,,,parasites,division cellulaire ,
Kat,Min,24/3/2012,40f,12,9h56,45.60,30.45,16.4008,11.8935,0.9998,3.0937,10h25,14h12,3.7843,30/3/2021,*,*,*,*,0.0635,1/4/2021,3.6919,531,0.0313,*,*,*,1/4/2021,*,*,NF,,,,,
Kat,Min,24/3/2012,80A1,104,9h56,43.63,30.48,11.9165,7.9126,1.1201,2.5058,10h36,14h17,1.9284,30/3/2021,*,*,*,*,0.0473,1/4/2021,1.8808,528,0.0310,*,*,*,1/4/2021,*,*,NF,,,,,
Kat,Min,24/3/2012,22f,16,9h56,43.73,31.13,18.7640,14.2600,0.9295,2.8976,10h52,14h18,3.5924,30/3/2021,*,*,*,*,0.0748,1/4/2021,3.4987,479,0.0303,*,*,*,1/4/2021,*,*,10,,,,,
